区县,名称,地址,驾车路线,乘车路线,垂钓品种及价格,特色美食,重点推荐,最低人均消费,最高人均消费,住宿情况,开放时间,安全保障,停车位,提示,联系电话,优惠信息,评价,备注
通州,北京市安君洲农业科技有限公司―开新农场,北京市通州区潞城镇甘棠乡贾后疃村潮白河畔,"1、走京通高速转向通燕高速,从第一个出口耿庄出口出来，右转过石桥左转，沿大堤直行8公里即到。
2、走京沈高速，出了六环，从台湖出口出来后右转（向北走）直行5公里左右看见城铁右转进入京津公路向天津方向行驶，看见大厂的指示牌左转直行向大厂方向行驶3公里过中石化，再?","1、四惠坐地铁八通线到土桥总站下车，车头方向出口出来，下过街天桥步行50米坐通13到甘棠桥下，打出租10元即到开新农场。
　　　2、大北窑西坐804到甘棠乡政府下车，打出租10元即到。
　　　3、大客车行驶路线：（20坐至55坐）走京津公路（103公路）向天津方向行驶，看见大?",草鱼10元/斤、鲫鱼10元/斤,农家饭、自助烧烤,自助烧烤,0.00 ,0.00 ,小木屋别墅双人套餐：576元（含一顿早餐、一顿农家饭、一顿自助烧烤）,3月～10月，营业时间早8:00～晚10:00,,,夏天蚊虫较多、务必带上花露水和驱蚊药。娱乐项目非常丰富，包括垂钓、室外游泳、沙滩排球、沙滩足球、摩托艇、汽艇、脚踏船、真人CS、卡丁车、骑马、KTV、电子游艺，旺季请提前预约。,400-700-9358,持本书消费，可以打9.5折。,行车：★★★★垂钓：★餐饮：★★★★住宿：★★★★★综合：★★★,
通州,北京京东大运河农产品配送中心,北京市通州区马驹桥镇大松垡村村南红绿灯处,"1、自京通高速抵达通州城区后沿运河大街一直向东走到小营村后路北即到。
2、自京通高速抵达通州后沿新华大街向东走上宋梁路，见到第一个红绿灯向左转前行1000米即可。
",,草鱼12元/斤、鲤鱼8元/斤、鲫鱼12元/斤、中华鲟50元/斤、丁桂鱼30元/斤,垮炖鱼,垮炖鱼,60.00 ,60.00 ,,5月～10月，营业时间为早7:30～晚7:00,,,园区可以采摘果蔬品种包括西瓜、樱桃、草莓、各类时令蔬菜。草莓采摘时间为2月～6月，西瓜采摘时间为5月～6月，樱桃采摘时间为5月中旬～6月中旬。,13716883618,9.5折,行车：★★★垂钓：★★★餐饮：★★★综合：★★★,
通州,松海垂钓园,北京市通州区马驹桥镇大松垡村村南红绿灯处,"1、从北京城区方向来，京津高速公路张采路出口，去于家务方向，到于家务路口右转两公里；或京津塘高速公路马驹桥出口，走t马路去县城方向，到大杜社路口右转三公里即到。
2、从通州城区方向来，走九德路（起点梨园九棵树）直行到大松垡村南口；或走张彩路（起点京津公路土?",,1、休闲垂钓品种及参考价格：草鱼14元/斤、罗非18元/斤、鲤鱼14元/斤、花鲢16元/斤、鲫鱼14元/斤、青鱼18元/斤、鲟鱼45元/斤、美国猫鱼25元/斤、嘎鱼25元/斤。2、路亚垂钓参考价格和垂钓规则：120元/人次；会员卡办理：10次1000元；20次1800元。要求垂钓上的鱼放回垂钓池塘?,垮炖鱼、咸菜小麦穗、垮炖柴鸡，柴锅灶台鱼，玉米面贴饼子、菜团子、棒渣粥等农家饭菜。,垮炖鱼,40.00 ,50.00 ,"10间普通间

价格100元/间","3月底～11月底，

营业时间早7:00～晚7:00",,,鱼塘水深2米～4.5米，请注意安全；垂钓园设施专业，能提供多种多样的垂钓服务，场内可竞技垂钓、路亚垂钓及休闲垂钓；本园农家菜美味可口，用餐请提前预定。,010-61582576 、13910587110,,"行车：★★★
垂钓：★★★★★
餐饮：★★★
住宿：★★★
综合：★★★★★",
通州,北京市瑞海峰渔场,北京市通州区宋庄镇小邓各庄,自京通高速向东行驶至新华大街到胡各庄路口左转过召礼桥100米右转，向东行使看见一个小桥之后向南行驶150米右转即到。,,罗非18元/斤、草鱼10元/斤、鲤鱼10元/斤、青鱼20元/斤、鲫鱼15元/斤,垮炖鱼 农家菜,罗非鱼,40.00 ,50.00 ,,4月～10月，营业时间早6:30～晚7:00,,,垂钓旺季最好提前预订钓位,13901231379,,"行车：★★★
垂钓：★★
餐饮：★★★
综合：★★",
通州,北京隆昌达苑养殖场,北京市通州区宋庄镇丁各庄村龙源酒楼原宋健饭庄旁向东100米右侧院内,京通快速路至通燕高速宋庄出口左转穿丁各庄桥向前200米至龙源酒楼(原宋健饭庄)右转向东200米右侧进院门即到,,草鱼18元/斤、鲤鱼15/斤、鲫鱼18/斤,农家柴锅炖鱼、柴锅炖鸡、柴锅炖大鹅、特色烧烤,烤全羊、柴锅炖大鱼、农家面食(馅饼、包子、菜团子等),48.00 ,120.00 ,独栋别墅1800元/套、旅店80元/间,3月～10月，营业时间早9:00～晚10：00,路口200米中石化加油站24小时营业,,夏季蚊虫较多，请备好花露水，旺季请提前电话预约。,15611178080,,"行车：★★★★
垂钓：★★★
餐饮：★★★★住宿：★★★★
综合：★★",
通州,金盛强世界花卉创意园,北京市通州区台湖镇前营村金盛强世界花卉创意园,京沈高速台湖出口，连续两个左转弯，见台湖5公里路标，过萧太后河见金盛强世界花卉创意园路标。,,会员价如下：淡水黄花鱼30元/斤、青鱼25元/斤、草鱼20元/斤、鲫鱼16元/斤、鲤鱼20元/斤、鲶鱼16元/斤、稻田蟹（公蟹）40元/斤、稻田蟹（母蟹）50元/斤；非会员价如下：淡水黄花鱼35元/斤、青鱼30元/斤、草鱼25元/斤、鲫鱼20元/斤、鲤鱼25元/斤、鲶鱼20元/斤、稻田蟹（公蟹）,农家饭、烤全羊、蟹宴(9月～11月),采摘、真人CS、自助烧烤、钓蟹 (9月～11月),50.00 ,50.00 ,,3月-10月，营业时间早9:00～晚9：00,,,,52105821,持本书享受会员价,行车：★★★★垂钓：★餐饮：★★★综合：★★★,
通州,渔乐园（侉店垂钓园）,北京市通州区潞城镇侉店村,沿京通高速路行驶至通州城区内，走运河西大街一直向东进入通胡南路向东开行驶至胡郎路见侉店垂钓园即可。,,按斤收费价格为鲤鱼12元/斤、草鱼12元/斤、鲫鱼12元/斤；按天收费价格为放鱼日（每周三、周六）100元/天、非放鱼日60～80/天,烤全羊、烤羊腿、自助烧烤,,0.00 ,0.00 ,本园与旅游村内宾馆有长期合作，开车几分钟即到，住宿价格为标间180元/天，套房300元/天。,3月中旬～11月底，24小时营业,周边有车辆维修点，交通方便,,夏季为垂钓旺季，可提前预订钓位,15011273654,,行车：★★★垂钓：★★餐饮：★住宿：★★综合：★★,
通州,环环宏远垂钓园,北京市通州区宋庄镇喇嘛村,走京通高速向东行驶至通燕高速，见到丁各庄出口后驶出该出口，进入宋庄之后一直向北走进入京榆路，行车2000米看见大兴庄路口左转进入喇嘛村即到。,,草鱼、鲤鱼、鲫鱼。周末100元/竿，平时80元/竿。,,在垂钓的同时可以看看自己养殖的珍珠鸡，去周边采摘草莓。,0.00 ,0.00 ,,4月～10月，营业时间早6:00～晚6:00,,,垂钓面积25亩，夏季垂钓时需要随身携带花露水，防止蚊虫叮咬。,13683093009,无,行车：★★★垂钓：★综合：★,
通州,王庄垂钓园,北京市通州区西集镇王庄村,走京哈高速行驶至郎府出口，出高速口后见到丁字路口左转进入政府路，之后见到第一个十字路左转向前行驶800米即到。,,草鱼12元/斤、鲤鱼10元/斤、鲫鱼12元/斤、青鱼12元/斤,,,0.00 ,0.00 ,,全年开放，营业时间早6:00～晚6:00,郎府派出所61558109,,夏季垂钓常备携带花露水，防止蚊虫叮咬。,13552272595,持本书消费，可以打9.5折。,行车：★★垂钓：★★综合：★,
通州,北京万信淡水鱼养殖场,北京市通州区西集镇前东仪村,京哈高速公路t县出口向东18公里，看见西尹路标志后左转进入西尹路，之后前行1.5公里路左侧即到。,,草鱼10元/斤、鲤鱼10元/斤、罗非15元/斤、青鱼15元/斤、武昌鱼12元/斤、花鲢15元/斤、鲶鱼15元/斤,农家饭,,30.00 ,50.00 ,,3月中旬～11月中旬，营业时间早6:00～晚6:00,距离通州消防支队西集中队5分钟车程,,垂钓面积30亩，夏季垂钓随身携带花露水，避免蚊虫叮咬,010-61516059、13691432470、15810806733,无,行车：★★★垂钓：★★★餐饮：★★综合：★,
通州,运河农庄垂钓园,北京市通州区西集镇太平庄村,走京哈高速路行驶出t县出口后，进入通香公路，见到第四个红绿灯右转行驶200米即到。,,草鱼12元/斤、鲤鱼12元/斤、鲫鱼12元/斤、青鱼20元/斤、鲶鱼20元/斤、撅嘴鲢25元/斤、猫鱼25元/斤、锦鲤25元/斤,垮炖鱼、菜团子、炖棒骨,菜团子,0.00 ,0.00 ,,全年开放，24小时营业,本园周边均有车辆维修地点，5分钟车程即到,,夏季垂钓常备携带花露水，防止蚊虫叮咬；想品尝菜团子的朋友们要早一点来，要不然就没有口福啦,13366068125  13601399622,,行车：★★★垂钓：★餐饮：★★综合：★,
通州,渔跃农庄,北京市北京市通州区张家湾镇施园村237号,"1、走京通高速出北苑后沿轻轨行驶转向103国道, 土桥路口左转， 第三个红绿灯右转，见六环高架桥不过左转，前行1000米第二路口左转， 竹门楼即到。　　　2、走京沈高速，出六环张家湾收费站最右边出来， 沿道直行上桥走京沈辅路，见涵洞左转，走800米左转，路北竹门楼即到。",四惠坐地铁八通线到临河里站下车， 电动车15元到场。,黑鱼20元/斤、草鱼17元/斤、鲫鱼16元/斤,农家饭,,0.00 ,0.00 ,,3月～10月，营业时间早8:00～晚10:00,,,夏天蚊虫较多、务必带上花露水和驱蚊药。娱乐项目非常丰富，包括垂钓、 金鱼观赏、养殖知识、金鱼文化馆免费参观、中小学知识实践园。,1370101858,持本书消费，可以打9.5折。,行车：★垂钓：★餐饮：★综合：★★,
通州,北京正通顺养殖有限公司（楼鑫园垂钓园）,北京市通州区六郎庄村,京津高速于家务出口出来后左转（张家湾方向）行驶2.3公里左转走t马路（马驹桥方向）向西行驶2公里左侧看到六郎庄指示牌左转行驶1.3公里看到楼鑫园垂钓园指示牌即到。,四惠坐地铁八通线到土桥总站下车，坐801到牛堡屯南站下车。,草鱼 14元/斤 、鲤鱼 14元/斤、鲫鱼 16元/斤、罗非 18元/斤、白鲳 18元/斤,柴锅大公鸡、柴锅鱼、纯天然绿色无污染绿色食品、自助烧烤,,50.00 ,80.00 ,,3月～11月，24小时营业。,,,旺季请提前预约,13701263523,持本书消费，可以打9.5折。,行车：★★★垂钓：★★★★餐饮：★★综合：★★,
丰台,北京南宫温泉垂钓园,北京市丰台区王佐镇南宫村,京港澳高速，赵辛店出口，第一个红绿灯右拐，按路标指示10分钟即到或王佐南宫出口向北2公里即到。,,,,,0.00 ,0.00 ,,一年四季。,南宫温泉垂钓园位于南宫世界地热博览园内，该博览园有自己的保安、消防、及车辆维修等，十分便利。治安联系电话：83319522消防联系电话：83318031车辆维修电话：83315267,充足。,,010C83316029  13910741405,,行车：★★★★★垂钓：★★★★★餐饮：★★★★★住宿：★★★★★综合：★★★★★,
丰台,北京丰台绿色家园私人钓鱼俱乐部,北京市丰台区王佐镇王庄村,1：京石高速19A出口，南宫王佐出口，出来后直行20米左转500米即到。2：京周路京良桥长阳环岛左转上桥下桥后直行20米左转500米即到。驾车时间：六里桥出发上京石10分钟即可到达。,,"草鱼、鲫鱼、鲤鱼全都15元/斤，青鱼18元/斤。
垂钓类型：高钓（按斤计算），路亚50元/天，练杆50元/次（会员40）、800元/年不限次",自助烧烤、炖柴鸡鸭、清纯活鱼、自助烧烤,垂钓、路亚、练杆、菜地认养（50元/O）、采摘、自助烧烤、帐篷、吊床,50.00 ,50.00 ,,4月～11月,北京丰台绿色家园私人钓鱼俱乐部紧邻王佐镇中心区，周边一公里范围内各项服务齐全。,40,,18618178760 彭女士,,行车：★★★垂钓：★★★餐饮：★★综合：★★★,
昌平,北京金润龙科技技术有公司常兴庄渔场,北京市昌平区小汤山镇常兴庄村南,51路昌平大柳树环岛下车，52、59、643、984、985、537在马坊站下车，立汤路过北六环，马坊北桥向北红绿灯右转1500米即到。,,罗非鱼18元/斤，草鱼、鲤鱼、鲫鱼14元/斤,清蒸罗非鱼,烤鱼,50.00 ,60.00 ,32个标间,,,,在推出一系列特色菜的同时，还推出了自做熟食、火锅、烤串等餐饮方式,010-61781169,,,
昌平,北京市鸿羽水产养殖有限公司,北京市昌平区小汤山镇常兴庄269号,51路昌平大柳树环岛下车，52、59、537、643、984、985在马坊站下车，立汤路过北六环，至常后路即到。,,罗氏沼虾、罗非鱼、锦鲤,,,0.00 ,0.00 ,,,,,,010-61787720 13901389575,,,
昌平,北京老磨舟度假村,北京市昌平区崔村镇南庄村,从市区过来，走立汤路一直向北开，见崔村指示牌左转上昌金路，过第一个红绿灯，路北见一座黄色的房屋即是。,,鲫鱼12- 15元/斤、罗非鱼12-15元/斤、草鱼12- 15元/斤、鲤鱼12- 15元/斤,,,0.00 ,0.00 ,,,,,,13691055808,,,
昌平,北京红栌温泉山庄,北京市昌平区小汤山讲礼村西16号,"自北京三元桥，上京承高速，走六环路 (昌平方向), 在北苑小汤山出口左转见路标即到。",,"项目	价格
门  票	20元/人次
租竿	20元/竿(不限时)
练竿	30元/天/池
鱼饲料	5元/袋(或团)
鲤鱼	9元/斤
鲫鱼	12元/斤
草鱼	12元/斤
罗非鱼	19元/斤
青鱼	20元/斤
白须公	30元/斤
兰(白)鲨	40元/斤
金丝鲶	35元/斤",野味烧烤,生态美食餐厅和宴会厅，厅内绿色植物环绕，一年四季如春,80.00 ,80.00 ,一座三星级综合楼，一座准四星级客房楼，以及温泉VIP贵宾房,,,,北京市最大的室内垂钓宫，室内9个鱼池，室外7个鱼池，垂钓池内鲤鱼、草鱼、鲫鱼罗非鱼等共计15个品种,010-86220708  010-88452686,,,
昌平,北京御汤山农业生态有限公司,北京市昌平区小汤山镇后牛坊村北（金昌路与秦上路交汇）,"自北京三元桥，上京承高速，走六环路 (昌平方向), 小汤山后牛坊村北出口安四路直线",,"鱼饲料	5元/袋(或团)
鲤鱼	9元/斤
鲫鱼	12元/斤
草鱼	12元/斤
罗非鱼	19元/斤
青鱼	20元/斤
白须公	30元/斤
兰(白)鲨	40元/斤
金丝鲶	35元/斤",野味烧烤,生态美食餐厅和宴会厅，厅内绿色植物环绕，一年四季如春,150.00 ,0.00 ,一座三星级综合楼，一座准四星级客房楼，以及温泉VIP贵宾房,,,,,010-60701987、010-61717097　,,,
朝阳,蟹岛,北京市朝阳区蟹岛路1号,可从市内经机场辅路到和平农场或经机场高速到苇洵出口右行300米即到。,,鲤鱼16元/斤，鲫鱼20元/斤，草鱼、胖头鱼20元/斤，武昌鱼22元/斤，罗非鱼28元/斤，青鱼30元/斤，鲟鱼68元/斤，翘嘴红蚰40元/斤，河蟹80～256元/斤，室外垂钧100元/6小时，150元/天。,绿色农家菜,室内垂钓,50.00 ,0.00 ,普通客房在200～500元之间,"垂钓开放时间：全年开放,早9:00时～晚6:00时餐饮开放时间：提供早、中、晚餐",附近有金盏派出所和朝政汽车修理厂(电话：010-84333366)，均位于临近1千米 左右金盏乡金盏大街。,,水深请带小孩的游客注意安全,010-84324910 13693342495,,"行车：五颗星★★★★★
垂钓：五颗星★★★★★
餐饮：五颗星★★★★★
住宿：五颗星★★★★★
综合：五颗星★★★★★",
朝阳,朝阳区水产科技园,北京市朝阳区楼梓庄乡皮村路,从机场高速苇沟出口走东苇路转金榆路（楼梓庄路）。车程15分钟。,,鲤鱼16元/斤，鲫鱼20元/斤，草鱼、胖头鱼20元/斤，武昌鱼22元/斤，罗非鱼28元/斤，青鱼30元/斤，蓝鲨50元/斤,,,50.00 ,50.00 ,,全年开放。冬季：早8:00～晚5:30，春、夏、秋季：早7:00～晚6:00,附近有金盏派出所和朝政汽车修理厂（电话：010-84333366），均位于临近1.5千米左右金盏乡金盏大街。,,,010-84331130,,"行车：五颗星★★★★★
垂钓：五颗星★★★★★
餐饮：四颗星★★★★
综合：四颗星★★★★",
朝阳,小渔赵家饭庄,北京市朝阳区金盏乡沙窝村南50米,从朝阳北路、机场二高速转东苇路、从东苇路转焦沙路向东2公里即到,,,绿色农家菜,,0.00 ,0.00 ,,上午11:00～下午14:00，下午16:30～晚9:00,附近有金盏派出所和朝政汽车修理厂（电话：010-84333366），均位于临近1千米左右金盏乡金盏大街。,,,010-84318098  13811384770,,"行车：四颗星★★★★
餐饮：四颗星★★★★
综合：四颗星★★★★",
大兴,碧海田园垂钓园,北京市大兴区安定镇杜庄屯村,大兴区京开高速路（庞各庄出口），然后第二红绿灯（瓜乡桥）左转，沿庞安路向东至西芦村西路口（见西芦各庄欢迎您牌）向北500米，遇小桥向东路北侧即到。,,刀鱼30元/斤、淡水黄花30元/斤、罗非鱼15～20元/斤、青鱼15～20元/斤、鲫鱼15～20元/斤、鲤鱼12～15元/斤、草鱼15～20元/斤、鲢鱼15～20元/斤,全鱼宴，三绝特色：一绝炸淡水黄花鱼，二绝清蒸刀鱼，三绝糖醋鲤鱼；另外，农家豆腐、柴锅炖鸡、农家饭、时令野菜也可一尝。,,50.00 ,50.00 ,5间住房（大炕）,全年。,保安管理设巡逻岗、监控岗、车场岗，全方位365天24小时的安全保卫，严格的管理制度确保了全年本垂钓园无治安、刑事案件、火灾事故的发生。,,根据不同时节可采摘西瓜等水果,010-80217028、13651213179、13910159567,,"行车：★★★
垂钓：★★★★
餐饮：★★★★
住宿：★★★
综合：★★",
大兴,北京星月湖农业休闲观光园,北京市大兴区采育镇大黑垡村村北500米,"路线1：京沪高速采育出口左转150米，见北京星月湖农业休闲观光园指示牌
路线2：京福公路（104国道）：采育西口向东沿采育街道直行4.8公里，到丁字路口左转向北直行进大黑垡村见指示牌行使1500米即到。",,鲤鱼15元/斤、草鱼15元/斤、花鲢15元/斤、白鲢15元/斤、鲫鱼15元/斤，价格随着鱼体重略有浮动。,侉炖鱼、水煮鱼、红烧鱼、烤鱼或按自己口味需求加工。,天气好的时候，可以泛舟垂钓，野营烧烤。,50.00 ,100.00 ,标间、别墅,4月1日至11月15日,有专业的服务人员巡湖，备有专用的船只安全巡视，并在不安全区域设立了警示牌。为了保证您的旅游快乐，为了保证你的安全，请你一定遵守园区的安全管理制度，禁止使用明火等不安全活动，如有发生立即拨打119火警或园区安全部电话80276172手机18610228462。,,园区内小别墅可供10人左右住宿，还可以采摘各类蔬菜及水果。可提供有机农家饭，养生知识讲座，中医保健美容，健身，茶座，棋牌，图书，晚间篝火，露天KTV等休闲项目。,010-80276173、80270880,,"行车：★★★
垂钓：★★★
餐饮：★★★★
住宿：★★★★
综合：★★★",
大兴,玛莱特红酒庄园休闲垂钓场,北京市大兴区采育镇葡萄观光园1号,"路线1：京沪高速：采育高速口右转，直行900米红绿灯路口右转向北直行1400米即是。
路线2：京津高速：于家务高速口出来右转，沿张采路向南直行8.5公里到采林路口右转，沿采林路向西直行3.4公里，到红绿灯路口右转向北直行1.4公里即是。
路线3：京福公路（104国道）：采育西口",,鲢鱼10元/斤、鳙鱼10元/斤、鲫鱼15元/斤、鲤鱼15元/斤、草鱼20元/斤、燕鲤28元/斤、鲈鳟28元/斤、青鱼30元/斤、猫鱼38元/斤、鲟鱼48元/斤。,红酒烤鸽子、时尚中国菜、特色烧烤,,50.00 ,100.00 ,标间、商务间及豪华套间,常规垂钓4月至11月；冰上垂钓12月至1月,玛莱特垂钓场位于公司院内，四周围墙封闭，私密性好，安全有保障，钓场服务人员随叫随到。公司与当地派出所、消防中队、卫生院联系密切，距离均在5分钟车程范围内。公司大门外300米处设有车辆维修专业店，如有需要，在垂钓休闲之时，游客的爱车也可在此得到呵护。,,钓上来的鱼儿可以由酒庄餐厅加工，也可客人自己动手烧烤，或者带回作为礼物送给亲朋好友品尝。,010-80276999    010-80276611,免费参观酒窖,"行车：★★★
垂钓：★★★★
餐饮：★★★★
住宿：★★★★
综合：★★★",
大兴,北京园林牧歌山庄,北京市大兴区礼贤镇东黄垡村,京开高速出京方向15出口出，调头向北走辅路1公里即到。,,鲤鱼15元/斤、草鱼15元/斤、花鲢15元/斤、白鲢15元/斤、鲫鱼15元/斤，价格随季节略有浮动,全鹿宴、农家饭、时令野菜,：园区可露营、烧烤、采摘,50.00 ,100.00 ,标间、小别墅,3月至11月,安保负责人联系电话13071159999,,,010-89290600  13391587778,,"行车：★★★
垂钓：★★★
餐饮：★★★★
住宿：★★★
综合：★★",
大兴,北京清逸园餐饮垂钓中心,北京市大兴区庞各庄镇西中堡村,京开高速魏永路出口前行2公里，西中堡村右转直行500米,,鲫鱼16元/斤、鲤鱼16元/斤、草鱼16元/斤、青鱼22元/斤,贴饼子、一锅鲜、各种鱼类等健康特色农家美食,,50.00 ,50.00 ,,4月1日至11月1日,汽车救援电话：89289473；派出所电话：89287110,,免费提供各种钓具鱼杆、太阳伞、鱼食、休息室；5至10月增加罗非鱼、白鲳、蓝鲨（价位按时令价而定）、可在采摘园采摘各种蔬菜、水果。,010-89287860 13161555846,凭此页九折优惠,"行车：★★★
垂钓：★★★★
餐饮：★★★
住宿：★★★
综合：★★★",
大兴,天兆宝峰垂钓园,北京市大兴区青云店镇东赵村,玉泉营上京开高速到大兴桥（大兴环岛）东8公里，东赵村村南1000米即到。,,草鱼14元/斤、黄金鲫14元/斤、武昌鱼14元/斤、鲭鱼18元/斤、罗非鱼20元/斤、球溪鱼35元/斤、丁桂鱼40元/斤、水库大胖头28元/斤、鲟鱼48元/斤、鲈鱼48元/斤,全鱼宴、野味、农家饭,全鱼宴,50.00 ,200.00 ,,全年,有保安巡逻，加强安全防范。,,免费提供垂钓渔具,010-81288285、13810116690、13311300098（王亮）,持本书消费，全鱼宴可享8.5折。,"行车：★★★
垂钓：★★★★
餐饮：★★★★
住宿：★★★
综合：★★",
大兴,北京绿源之洲庄园,北京市大兴区青云店镇曹村向东1000米,南六环，南大红门向南2公里，曹村路口左转直行1000米即到。,,草鱼12元／斤；鲤鱼、鲫鱼、武昌鱼15元／斤；罗非鱼20元／斤；胖头28元／斤；鲟鱼48元／斤；丁桂鱼40元／斤；鲈鱼45元／斤。,各种野味，农家垮炖鱼，农家柴公鸡,,50.00 ,150.00 ,高中低档房间，设施齐全,垂钓园区每年的3月～11月，餐饮部、客房部、茶艺园全年开放。,安保负责人电话13681410011,,庄园内有自产的无公害、无污染的纯绿色罗非鱼、柴公鸡、柴鸡蛋、五谷杂粮礼品箱销售，也可根据您的需求量身定制礼品组合。,餐饮部010-81289090、81289191、13611130530；客房部010-80236021,消费满500元返50元券。,"行车：★★★
垂钓：★★★★
餐饮：★★★★
住宿：★★★★
综合：★★★",
房山,园田垂钓园,北京市房山区青龙湖镇南观村,走京港澳高速至大件路出口向大件路燕山方向，行至羊头岗西口右转走到头，从T字路口左转过铁道桥洞右手边即可,,虹鳟30元/斤、t鱼30元/斤、青鱼20元/斤、鲟鱼48元/斤、草鱼18元/斤、青鱼20元/斤、鲤鱼12元/斤,房山特色农家菜、烤鱼、烤羊腿,登山,50.00 ,50.00 ,8间,　　　4月28日-10月28日,青龙湖镇派出所：010-80379283，加油和汽车维修：青龙镇南观村口有一处加油站。附近有汽车修理处。,,　　早晚温差较大，请注意防寒,010-60385631 13716721631,,"　　　综合：★★★
　　　行车：★★★
　　　垂钓：★★★★
　　　餐饮：★★★
住宿：★★★",
房山,燕龙垂钓园,北京市房山区青龙湖镇南观村,走京港澳高速至大件路出口向大件路燕山方向，行至羊头岗西口右转走到头，行丁字路口左转50米上坡后即到。,,武昌鱼20元/斤、草鱼18元/斤、青鱼18元/斤、鲫鱼15元/斤,农家莱、山野莱、粗粮、烤鱼,夏季凉爽，环境优美，山水环绕,60.00 ,60.00 ,,每年清明节后至十月下旬（4月28日-10月28日）,　　　青龙湖镇派出所：010-80379283，加油和汽车维修：青龙镇南观村口有一处加油站。附近有汽车修理处。,,　　　 春秋温差大，早晚凉、风大，注意防寒保暖,010-80375978 、13381163410,,"　　　综合：★★★
　　　行车：★★★
　　　垂钓：★★★★
　　　餐饮：★★★
　　　住宿：★★★",
房山,青草香垂钓园,北京市房山区青龙湖镇南观村,走京港澳高速至大件路出口向大件路燕山方向，行至羊头岗西口右转走到头，从丁字路口左转200米右手边第一家即是。,,　　　鲟鱼35-40元/斤、虹鳟25-50元/斤、草鱼15-18元/斤、鲤鱼10- 15元/斤,　　　烤全羊、烤羊腿、烤鱼、烧鸽子,　　　台球、乒乓球、棋牌室、卡拉OK,50.00 ,50.00 ,　　　有农家客房标间17间， 环境幽雅，服务周到,每年清明节后至十月下旬（4月28日-10月28日）,青龙湖镇派出所：010-80379283，加油和汽车维修：青龙镇南观村口有一处加油站。附近有汽车修理处。,,　　　早晚温差大，注意防寒保暖,　　　010-80371082、18910885316,,"　　　综合：★★★
　　　行车：★★★
　　　垂钓：★★★★
　　　餐饮：★★★
住宿：★★★",
房山,一亭一筑,北京市房山区青龙湖镇南观村,走京港澳高速至大件路出口向大件路燕山方向，行至羊头岗西口右转走到头，从丁字路口左转1000米左右即到。,,　　　鲟鱼38元/斤、虹鳟30元/斤、草鱼16元/斤、青鱼18元/斤,　　　江南农家菜,篝火晚会、婚纱摄影、咖啡厅、酒吧,50.00 ,80.00 ,　　　客房15间，环境幽雅，干净整洁,　　　全年营业,　　　青龙湖镇派出所：010-80379283，加油和汽车维修：青龙镇南观村口有一处加油站。附近有汽车修理处。,,常年营业,13001129175,,"　　　综合：★★★★
　　　行车：★★★★
　　　垂钓：★★★★
　　　餐饮：★★★★
　　　住宿：★★★★",
房山,双新垂钓园,北京市房山区青龙湖镇南观村,走京港澳高速至大件路出口向大件路燕山方向，行至羊头岗西口右转走到头，从丁字路口左转200米左右即到,,　　　鲟鱼40元/斤、虹鳟30元/斤、t鱼30元/斤、草鱼18元/斤、青鱼20元/斤、鲤鱼15元/斤,　　　铁板鱼条、上汤鱼片、鲍汁鱼块,　　　爬山观景,40.00 ,50.00 ,,每年清明节后至十月下旬（4月28日-10月28日）,　　　青龙湖镇派出所：010-80379283，加油和汽车维修：青龙镇南观村口有一处加油站。附近有汽车修理处。,,　　　山区早晚温差较大，请游客多带点衣服,010-60385758,,"　　　综合：★★★
　　　行车：★★★
　　　垂钓：★★★★
　　　餐饮：★★★
住宿：★★★",
房山,绿茵垂钓园,北京市房山区青龙湖镇南观村,走京港澳高速至大件路出口向燕山方向，行至羊头岗西口右转走到头，从丁字路口左转第四家即是。,,武昌鱼20元/斤、鲟鱼48元/斤、虹鳟30元/斤、t鱼30元/斤、草鱼18元/斤、青鱼15元/斤、鲤鱼12元/斤、鲫鱼15元/斤、淡水白鲳鱼20元/斤,　　　干锅带皮煮牛肉、香锅鱼、炖土鸡,,50.00 ,100.00 ,50人客房,每年清明节后至十月下旬（4月28日-10月28日）,青龙湖镇派出所：010-80379283，加油和汽车维修：青龙镇南观村口有一处加油站。附近有汽车修理处。,,　　　早晚温差较大，请游客多带点衣服,　　　010-60385146、 15010070034,,"　　　综合：★★★
　　　行车：★★★
　　　垂钓：★★★★
　　　餐饮：★★★
　　　住宿：★★★",
房山,飞达垂钓园,北京市房山区青龙湖镇南观村健身广场附近,走京港澳高速至大件路出口向燕山方向，行至八十亩地路口右转，一直走柏油路3~4公里即到。,,鲟鱼40元/斤、虹鳟30元/斤、t鱼30元/斤、草鱼18元/斤、青鱼20元/斤、鲤鱼12元/斤,　　　 烤虹鳟,,50.00 ,80.00 ,　　　10间标间,每年清明节后至十月下旬（4月28日-10月28日）,青龙湖镇派出所：010-80379283，加油和汽车维修：青龙镇南观村口有一处加油站。附近有汽车修理处。,,　　　早晚温差比价大，请游客多带点衣服,　　　010-60385629、15011231543,,"　　　综合：★★★
　　　行车：★★★
　　　垂钓：★★★★
　　　餐饮：★★★
住宿：★★★",
房山,王云垂钓园,北京市房山区青龙湖镇南观村铁路北大街7号,　　　走京港澳高速至大件路出口向大件路燕山方向，行至羊头岗西口右转走到头，从丁字路口左转过铁道桥后马上右转直行200米即到。,,　　　虹鳟30元/斤、t鱼30元/斤、青鱼20元/斤、鲟鱼48元/斤、草鱼18元/斤、青鱼20元/斤、鲤鱼12元/斤,　　　老干妈炒鱼块、鲟鱼五吃,　　　住宿农家院，享受田园乐趣,50.00 ,100.00 ,　　　客房、农家院10户,每年清明节后至十月下旬（4月28日-10月28日）,青龙湖镇派出所：010-80379283，加油和汽车维修：青龙镇南观村口有一处加油站。附近有汽车修理处。,,,　　　13001129175、010-60385805,,"　　　综合：★★★
　　　行车：★★★
　　　垂钓：★★★★
　　　餐饮：★★★
　　　住宿：★★★",
房山,大鹏山庄,北京市房山区青龙湖镇南观村,走京港澳高速至大件路出口向大件路燕山方向，行至羊头岗西口右转走到头，从丁字路口左转2000米左右即到。,,　　　鲟鱼48元/斤、虹鳟30元/斤、罗非鱼20元/斤、t鱼30元/斤,　　　鲟鱼宴,室内休闲垂钓,50.00 ,80.00 ,　　　25间标间,每年清明节后至十月下旬（4月28日-10月28日）,青龙湖镇派出所：010-80379283，加油和汽车维修：青龙镇南观村口有一处加油站。附近有汽车修理处。,,　　　早晚温差较大，请游客多带点衣服防寒,13911095466,,"　　　综合：★★★
　　　行车：★★★
　　　垂钓：★★★★
　　　餐饮：★★★
　　　住宿：★★★",
房山,三龙农家院,北京市房山区十渡镇西河村,自北京京港澳高速至琉璃河出口，后上岳琉路从武侯路口左转，走房易路、云居寺路，在云居寺路口左转，向张坊-十渡方向到十渡桥左转，一直行2公里右手边即到。,,　　　鲟鱼50～60元/斤、虹鳟30元/斤、鲫鱼20元/斤、草鱼12～16元/斤、青鱼20元/斤、鲤鱼12元/斤,烤鱼，清蒸鱼、红烧鱼,　　　漂流,50.00 ,60.00 ,　　　10间,　　　每年清明节后至十月下旬（4月28日-10月28日）,　　　十渡镇派出所：010-61340780,,,　　　010-61340385,,"　　　综合：★★★
　　　行车：★★★
　　　垂钓：★★★★
　　　餐饮：★★★
　　　住宿：★★★",
房山,虹鳟鱼城,北京市房山区大石窝镇下庄村西,　　　自北京京港澳高速至琉璃河出口，后上岳琉路从武侯路口左转，走房易路、云居寺路，直到10公里见红绿灯左转直行50米即到。,,　　　虹鳟30元/斤、草鱼15元/斤、鲤鱼13元/斤,虹鳟鱼烧烤、农家特色饮食,　　　烤羊腿、烤兔子,50.00 ,50.00 ,　　　15间,每年清明节后至十月下旬（4月28日-10月28日）,　　　大石窝镇派出所：010-61323161,,　　　早晚温差较大，请游客多带点衣服防寒,　　　010-61389635、15910423277,,"　　　综合：★★★
　　　行车：★★★
　　　垂钓：★★★★
　　　餐饮：★★★
住宿：★★★",
房山,鲟龙食府,北京市房山区十渡镇西关上村,　　　自北京京港澳高速至琉璃河出口，后上岳琉路从武侯路口左转，房易路、云居寺路、云居寺路口左转-张坊方向行驶到五渡大桥即到。,,　　　鲟鱼48元/斤、草鱼18元/斤、鲤鱼18元/斤、翘嘴红的18元/斤、锦鲤28元/斤：钓竿10元/竿,鲟龙宴,萝卜丝鲟龙丸、水煮鱼,60.00 ,60.00 ,标间368元，非节假日可以打8折,　　　每年清明节后至十月下旬（4月28日-10月28日）,　　　十渡镇派出所：010-61340780,,　　　钓竿为无刺钓竿，不会伤害鱼,　　　010-61344066、13581830602,,"　　　综合：★★★
　　　行车：★★★
　　　垂钓：★★★★
　　　餐饮：★★★
　　　住宿：★★★",
房山,三渡垂钓园,北京市房山区张坊镇穆家口村,　　　自北京京港澳高速至琉璃河出口，后上岳琉路从武侯路口左转，走房易路、云居寺路，在云居寺路口左转，向张坊方向100米即到。,,　　　 虹鳟30元/斤、鲫鱼16元/斤、草鱼15元/斤、鲤鱼10元/斤,烤鱼、侉炖鱼,三渡水上乐园，可拍婚纱照,30.00 ,30.00 ,　　　3间客房,每年清明节后至十月下旬（4月28日-10月28日）,　　　张坊镇派出所：010-61339717,,早晚温差较大，请游客多带点衣服,"　　　010-61344291, 18611718655",,"　　　综合：★★★
　　　行车：★★★
　　　垂钓：★★★★
　　　餐饮：★★★
住宿：★★★",
房山,花溪垂钓园,北京市房山区张坊镇片上村一渡,自北京京港澳高速至琉璃河出口，后上岳琉路从武侯路口左转，走房易路、云居寺路，到云居寺路口左转，向张坊-十渡方向一见加油站右转直行2公里即到。,,鲟鱼58元/斤、虹鳟28元/斤、鲫鱼16元/斤、草鱼16～18元/斤、鲤鱼12～15元/斤,　　　鲟鱼宴、柴锅羊肉、烤鱼、烤羊腿,　　　高尔夫球，各种娱乐,30.00 ,30.00 ,　　　10间,每年清明节后至十月下旬（4月28日-10月28日）,　　　张坊镇派出所：010-61339717,,,　　　010-61338595 、13011811373,,"　　　综合：★★★
　　　行车：★★★
　　　垂钓：★★★★
　　　餐饮：★★★
　　　住宿：★★★",
房山,和喜农家院,北京市房山区十渡镇七渡村,自北京京港澳高速至琉璃河出口，后上岳琉路从武侯路口左转，走房易路、云居寺路，在云居寺路口左转，向张坊-十渡方向到七渡即到。,,鲤鱼20元/斤、鲫鱼20元/斤,　　　烧烤虹鳟、侉炖鱼、烤羊腿、烤羊排、炸香椿、花椒芽,　　　景点观光、烟花篝火,50.00 ,50.00 ,　　　20间,每年清明节后至十月下旬（4月28日-10月28日）,　　　十渡镇派出所：010-61340780,,　　　夜晚为您安排风情歌舞表演、篝火晚会，让您在礼花声、鞭炮声和音乐声中尽享快乐,　　　13716829936、010-61344266,,"　　　：综合：★★★
　　　行车：★★★
　　　垂钓：★★★★
　　　餐饮：★★★
　　　住宿：★★★",
房山,渔美香农家院,北京市房山区十渡镇七渡村,自北京京港澳高速至琉璃河出口，后上岳琉路从武侯路口左转，走房易路、云居寺路，在云居寺路口左转，向张坊-十渡方向到七渡后马路右侧即到。,,　　　鲟鱼50元/斤、虹鳟30元/斤、草鱼15元/斤、鲤鱼12元/斤,　　　鱼宴、农家菜,,50.00 ,50.00 ,　　　14间，可供100人,　　　每年清明节后至十月下旬（4月28日-10月28日）,　　　十渡镇派出所：010-61340780,,早晚温差较大，请游客注意防寒,　　　010-61340806 、13661050929,,"　　　综合：★★★
　　　行车：★★★
　　　垂钓：★★★★
　　　餐饮：★★★
住宿：★★★",
房山,四季仁和酒家,北京市房山区十渡镇西河村,　　　自北京京港澳高速至琉璃河出口，后上岳琉路从武侯路口左转，走房易路、云居寺路，在云居寺路口左转，向张坊-十渡方向到十渡路口右转，一直行500米右手边即到。,,　　　鲟鱼50元/斤、虹鳟28元/斤、草鱼14元/斤、鲤鱼12元/斤,　　　侉炖鱼、清蒸鱼、烤鱼、野菜,　　　漂流、登山、竹筏,30.00 ,30.00 ,　　　农家客房8间,　　　每年清明节后至十月下旬（4月28日-10月28日）,　　　十渡镇派出所：010-61340780,,　　　早晚温差较大，请游客多带点衣服,010-61340386,,"　　　综合：★★★
　　　行车：★★★
　　　垂钓：★★★★
　　　餐饮：★★★
　　　住宿：★★★",
房山,山里娃农家院,北京市房山区十渡镇西庄村,自北京京港澳高速至琉璃河出口，后上岳琉路从武侯路口左转，走房易路、云居寺路，在云居寺路口左转，向张坊-十渡方向到十渡大桥左转，一直行500米左手边即到。,,　　　虹鳟30元/斤、草鱼20元/斤、鲤鱼20元/斤,　　　烤羊腿、山野菜、卤水豆腐、粗粮、烤鱼,　　　激情漂流、骑马、真人CS,20.00 ,30.00 ,　　　有农家客房,每年清明节后至十月下旬（4月28日-10月28日）,　　　十渡镇派出所：010-61340780,,　　　春秋季节温差大，注意防寒保暖,　　　010-61347867、15910397891,,"　　　综合：★★★
　　　行车：★★★
　　　垂钓：★★★★
　　　餐饮：★★★
　　　住宿：★★★",
房山,聚福园农家院,北京市房山区十渡镇西河村,自北京京港澳高速至琉璃河出口，后上岳琉路从武侯路口左转，走房易路、云居寺路，在云居寺路口左转，向张坊-十渡方向到十渡桥左转，一直行2公里左手边即到。,,　　　鲟鱼40元/斤、武昌鱼18元/斤、草鱼15元/斤、鲤鱼12元/斤,　　　鱼宴、侉炖鱼,,50.00 ,80.00 ,　　　16间标间,每年清明节后至十月下旬（4月28日-10月28日）,　　　十渡镇派出所：010-61340780,,早晚温差较大，请游客多带点衣服,　　　010-61340120,,"　　　综合：★★★
　　　行车：★★★
　　　垂钓：★★★★
　　　餐饮：★★★
　　　住宿：★★★",
房山,老杨农家院,北京市房山区十渡镇西河村,自北京京港澳高速至琉璃河出口，后上岳琉路从武侯路口左转，走房易路、云居寺路，在云居寺路口左转，向张坊-十渡方向到十渡桥左转。一直行2公里左手边即到。,,鲟鱼50元/斤、虹鳟40元/斤、鲫鱼18元/斤、草鱼18元/斤、鲤鱼18元/斤,　　　烤鱼，清蒸、红烧各种野菜,　　　周边景色、漂流,30.00 ,50.00 ,　　　客房9间,　　　每年清明节后至十月下旬（4月28日-10月28日）,　　　十渡镇派出所：010-61340780,,　　　早晚温差较大，请游客多带点衣服,010-61340711、13522579005,,"　　　综合：★★★
　　　行车：★★★
　　　垂钓：★★★★
　　　餐饮：★★★
　　　住宿：★★★",
房山,鑫河农家院,北京市房山区十渡镇西河村,　　　自北京京港澳高速至琉璃河出口，后上岳琉路从武侯路口左转，走房易路、云居寺路，在云居寺路口左转，向张坊-十渡方向到十渡桥左转，一直行2公里右手边即到。,,　　　鲟鱼60元/斤、虹鳟30元/斤、草鱼14～18元/斤、鲤鱼14～18元/斤,　　　农家菜、粗粮、鱼 (各种做法),　　　周边有景点、漂流,70.00 ,80.00 ,　　　10间,每年清明节后至十月下旬（4月28日-10月28日）,　　　十渡镇派出所：010-61340780,,,　　　13718409006 、010-61340561,,"　　　综合：★★★
　　　行车：★★★
　　　垂钓：★★★★
　　　餐饮：★★★
住宿：★★★",
房山,艳华农家院,北京市房山区十渡镇西河村,自北京京港澳高速至琉璃河出口，后上岳琉路从武侯路口左转，走房易路、云居寺路，在云居寺路口左转，向张坊-十渡方向到十渡桥左转，一直行3公里右手边即到。,,　　　草鱼15元/斤、鲤鱼12元/斤,烤鱼、侉炖鱼,卡丁车、划船、漂流,30.00 ,50.00 ,　　　客房4间,每年清明节后至十月下旬（4月28日-10月28日）,　　　十渡镇派出所：010-61340780,,,　　　010-61347967,,"　　　综合：★★★
　　　行车：★★★
　　　垂钓：★★★★
　　　餐饮：★★★
住宿：★★★",
房山,蓝漪垂钓园,北京市房山区十渡镇西河村,自北京京港澳高速至琉璃河出口，后上岳琉路从武侯路口左转，走房易路、云居寺路，在云居寺路口左转，向张坊-十渡方向到十渡桥左转，一直行2公里右手边即到。,,　　　鲟鱼35元/斤、虹鳟35元/斤、鲫鱼15元/斤、草鱼15元/斤、青鱼25元/斤、鲤鱼15元/斤,　　　烤鱼、侉炖鱼,漂流、竹排、登山,50.00 ,50.00 ,　　　客房20间,　　　每年清明节后至十月下旬（4月28日-10月28日）,　　　十渡镇派出所：010-61340780,,,　　　010-61340952 、13716329277,,"　　　综合：★★★
　　　行车：★★★
　　　垂钓：★★★★
　　　餐饮：★★★
　　　住宿：★★★","线路二：风景名胜线路
　　驾车路线：北京京石高速―琉璃河出口―岳琉路武侯路口左转―房易路―云居寺路―云居寺路口左转―张坊―十渡
　　十渡镇位于北京市房山区西南，是中国北方唯一一处大规模喀斯特岩溶地貌，是中国国家AAA景区和中国国家地质公园。十渡风景区是大清河?"
房山,豪庆加益养殖场,北京市房山区窦店镇袁庄村,自北京京港澳高速至窦店出口，从窦店环岛向东行驶交道路口向南3公里，进入袁庄村即到通讯信号塔即可。,,,,,0.00 ,0.00 ,,每年清明节后至十月下旬（4月28日-10月28日）,　　　窦店镇派出所：010-69391980,,,　　　010-8031146、15901303232、010-80317146、 18910189744,,"　　　综合：★★★
　　　行车：★★★
　　　垂钓：★★★★
　　　餐饮：★★★
住宿：★★★",
房山,南召渔场,北京市房山区琉璃河镇南召村,自北京京港澳高速至窦店出口，寞店环岛交道方向，在交道路口右转，向南行驶过袁庄村，进入南召村西见加油站左转，行驶20米右转，直行100米即到。,,,,,0.00 ,0.00 ,,每年清明节后至十月下旬（4月28日-10月28日）,琉璃河镇派出所：010-61393525,,,　　　010-80399571,,"　　　综合：★★★
　　　行车：★★★
　　　垂钓：★★★★
　　　餐饮：★★★
　　　住宿：★★★",
房山,路村段建民渔场,北京市房山区琉璃河镇路村,　　　自北京京港澳高速至窦店出口，再由窦店环岛向交道方向行驶，自交道路口右转紫马路，上南召从南召路口右转至保兴庄，至路村即到。,,,,,0.00 ,0.00 ,,　　　每年清明节后至十月下旬（4月28日-10月28日）,　　　琉璃河镇派出所：010-61393525,,,13641103212,,"　　　综合：★★★
　　　行车：★★★
　　　垂钓：★★★★
　　　餐饮：★★★
　　　住宿：★★★",
房山,北京窦店呱呱叫养殖有限责任公司,北京市房山区窦店镇窦店村东京广铁路东侧,自北京京港澳高速至窦店出口，从寞店环岛保定方向走600米路东印到。,,,,,0.00 ,0.00 ,,每年清明节后至十月下旬（4月28日-10月28日）,　　　窦店镇派出所：010-69391980,,,13439881994,,"　　　综合：★★★
　　　行车：★★★
　　　垂钓：★★★★
　　　餐饮：★★★
　　　住宿：★★★",
房山,樊建伟垂钓园,北京市房山区窦店镇普安屯村西路南,自北京京港澳高速至窦店出口，从窦店环岛交道方向走五六公里见液化气站即到。,,,,,0.00 ,0.00 ,,每年清明节后至十月下旬（4月28日-10月28日）,　　　窦店镇派出所：010-69391980,,,　　　13716003324 、010-80310242,,"　　　综合：★★★
　　　行车：★★★
　　　垂钓：★★★★
　　　餐饮：★★★
住宿：★★★",
房山,路村段保华渔场,北京市房山区琉璃河镇路村,　　　自北京京港澳高速上琉璃河出口左转，过兴李村加油站行驶50米右转直行，自水塔后左转进入土路即到。,,,,,0.00 ,0.00 ,,每年清明节后至十月下旬（4月28日-10月28日）,琉璃河镇派出所：010-61393525,,,　　　010-80398091,,"　　　综合：★★★
　　　行车：★★★
　　　垂钓：★★★★
　　　餐饮：★★★
住宿：★★★",
房山,西南召老刘渔场,北京市房山区琉璃河镇南召村,自北京京港澳高速至窦店出口，向窦店环岛交道方向，在交道路口右转，向南行驶过袁庄村，进入南召村西见加油站左转，行驶20米右转即到。,,,,,0.00 ,0.00 ,,　　　每年清明节后至十月下旬（4月28日-10月28日）,　　　琉璃河镇派出所：010-61393525,,,　　　010-80399849,,"　　　综合：★★★
　　　行车：★★★
　　　垂钓：★★★★
　　　餐饮：★★★
　　　住宿：★★★",
房山,希溪钓园,北京市房山区窦店镇大高舍村北,自北京京港澳高速至窦店出口，从窦店环岛向北直行至小十字路口见到金隅窦店科技园的牌子后右转直行1公里即到。,,,,,0.00 ,0.00 ,,每年清明节后至十月下旬（4月28日-10月28日）,　　　窦店镇派出所：010-69391980,,,15010664246,,"　　　综合：★★★
　　　行车：★★★
　　　垂钓：★★★★
　　　餐饮：★★★
　　　住宿：★★★","线路三：乡村田园线路
_自驾线路：北京京石高速―窦店出口―窦店环岛交道方向―交道路口右转―紫马璐―南召―南召路口右转―保兴庄―路村
窦店镇有着悠久的历史并处处闪耀着灿烂的文化之光。以窦店为中心，在不足两平方公里的范围内，各种寺庙、戏院等就达十余处之多。洪恩?"
海淀,海北绿园休闲渡假村,北京市海淀区西北旺镇西玉河村海北绿园休闲渡假村,从北五环上清桥京新高速入口进入京新高速，沿京新高速向北行驶至京新高速北清路出口，出辅路左转，沿北清路行驶3.3公里，右转进入永丰路，沿永丰路行驶1.1公里，左转进入丰润东路，沿丰润东路行驶60米，进入永丰路。沿永丰路行驶1.1公里，右转， 行驶660米，左转，行驶110米,,草鱼15/斤、鲤鱼12/斤、鲫鱼13/斤、青鱼18/斤、罗非18/斤、白鱼18/斤、t鱼18/斤。,特色菜干菜酱肉馅大包子、柴香鸡、农家土鸡炖榛子。,大包子,110.00 ,110.00 ,标准间原价580元/间、看入住量最低能打5折。,,"附近有加油站，位于北清路，距离约2公里；永丰派出所（010-62472844,62475261）位于西北旺镇六里屯村（永丰路），距离约3.5公里。",,想吃大包子一定要早点去，凡到那用餐的大都是冲着大包子去的，干菜酱肉馅最抢手，其他馅也不错，去晚了吃不到就遗憾了。,010-82478908 、010-62470358、010-62470378、010-8247678813031078623,用餐、洗浴、垂钓可打9～9.5折；住宿看入住量最低能打5折。,"行车：★★★★
垂钓：★★★★★
餐饮：★★★★
住宿：★★★★
综合：★★★★",
海淀,绿岛养殖园_海至丹酒店,北京市海淀区上庄镇上庄水库北岸向西1000米,"【路线1】从北五环肖家河桥行驶至圆明园西路至永丰路到头上北清路往西上到上庄路一直向北到水库大桥桥北时左转向西顺着湖面路一直前行， 注意按右侧（北京海至丹酒店）指示牌箭头方向行驶。
【路线2】由京藏高速公路下到北清路，一直向西上到上庄路，一直向北到水库大桥桥北",512或303路坐到上庄水库站下,青鱼20元/斤，草鱼15元/斤，鲫鱼15元/斤，鲤鱼15元/斤，黑、鲶鱼 20元/斤，花鲢15元/斤，罗非16元/斤，白鲳 16元/斤；租杆10元/套；鱼食颗粒2元/包。,海参宴,海参宴,180.00 ,180.00 ,"房型	门市价	折扣价	早餐
标准商务房/大床	568元	398元	含早餐
豪华商务房	688元	482元	含早餐
豪华行政套房	988元	692元	含早餐",,附近有汽车修理厂，，距渔场2公里；加油站，位于镇政府南侧，距离约5公里；上庄派出所（010-62475262），位于上庄镇上庄路33号。,,为了您用餐及时请至少提前1天电话预约；可以自带酒水/饮料。可以自带烧烤用具。,010-52929955；010-52929966；010-62476085；13521133078,"用餐享8.5-9折优惠；住宿7折优惠（含早餐）,凭房卡每天一次在酒吧厅免费享用一杯咖啡或茶水。如有连开6间房可免1间房费，6间房里房价较高的或同一房价的房间免一（免费房不含早餐）。可享受次日14：:00退房不加收，超过晚上六点加半天房费。","行车：★★★★
垂钓：★★★
餐饮：★★★★
住宿：★★★★
综合：★★★",
海淀,稻香垂钓园,北京市海淀区苏家坨镇西小营村东,"【路线1】八达岭高速延庆方向，北安河出口出辅路后左转至北清路，西行约13公里，右转进入温阳路，沿温阳路北行过第二个红绿灯后见渴望餐厅指示牌右转即到。
【路线2】西六环海淀方向，北清路出口至北清路，东行行约2公里，左转转进入温阳路，沿温阳路北行过第二个红绿灯后见",,随市场价格浮动,农家饭菜,冬季能练杆，渴望餐厅的烙饼卷带鱼,50.00 ,50.00 ,暂无,,"附近有加油站，位于温阳路稻香湖路口，距渔场约1.5公里；渔场西侧50米有一家小型汽车修理厂；苏家坨派出所（010-62454658,010-62451116）位于苏家坨镇西小营村（温阳路119号）。",,可以自带烧烤用具，也可租用渔场的垂钓和烧烤用具。,13601302895  （联系人：王德禄）,暂无,"行车：★★
垂钓：★★★
餐饮：★
综合：★",
海淀,安金香淡水养殖场（柳林渔场）,北京市海淀区苏家坨镇柳林村、运河西,"【路线1】八达岭高速延庆方向，北安河出口出辅路后左转至北清路，西行约16公里，右转进入温北路，沿温北路北行约1公里即到达。
【路线2】西六环海淀方向，北清路出口至北清路，西行约2公里，右转进入温北路，沿温北路北行约1公里即到达。",,德国鲤、草鱼、鲫鱼、罗非、中华鲟鱼，价格随市场价格浮动。,酱焖鱼、一鱼两吃、侉炖鱼、野味、农家炒菜等。,酱焖鱼、一鱼两吃。,40.00 ,50.00 ,暂无,,"附近有加油站，位于温阳路稻香湖路口，距渔场约2.5公里；苏家坨派出所（010-62454658,010-62451116）位于苏家坨镇西小营村（温阳路119号）。",,假日专程去吃酱焖鱼和一鱼两吃的人很多，有时需要排号；可以自带烧烤用具，也可租用渔场的垂钓和烧烤用具。,13520256665（联系人：马福涛）,,"行车：★★
垂钓：★★★★
餐饮：★★★
综合：★★",
海淀,吕剑成养殖场（荷花湾垂钓园）,北京市海淀区苏家坨镇草厂村东,"【路线1】八达岭高速延庆方向，北安河出口出辅路后左转至北清路，西行约16公里，右转进入温北路，沿温北路北行约1公里见荷花塘左转即到达。
【路线2】西六环海淀方向，北清路出口至北清路，西行约2公里，右转进入温北路，沿温北路北行约1公里见荷花塘左转即到。",,鲫鱼12元/斤、青鱼15元/斤、草鱼12元/斤、鲤鱼12元/斤、罗非15元/斤。以上价格随市场价格浮动。,农家菜,农家菜,0.00 ,0.00 ,暂无,,"附近有加油站，位于温阳路稻香湖路口，距渔场约2.5公里；苏家坨派出所（010-62454658,010-62451116）位于苏家坨镇西小营村（温阳路119号）。",,可以自带烧烤用具，也可租用渔场的垂钓和烧烤用具。,13021063036李先生；15601312087陈先生,,"行车：★★
垂钓：★★★
餐饮：★★
综合：★★",
怀柔,三亩园度假村,北京市怀柔区渤海镇距慕田峪长城6公里,自京承高速14号出口，走怀柔城区青春路北环岛，往慕田峪长城方向6公里处即到。,,虹鳟鱼25元/斤、纯野生青鱼25元/斤、草鱼18元/斤、鲤鱼15元/斤,泉水虹鳟,烤全羊、特产杏仁、现采玉米及其他特色农作物,40.00 ,80.00 ,可住宿150人，价格在120-240元/间,全年开放。（节假日人多请提前预定）,,,早晚温差大，请自带衣服以防着凉。出门在外，安全第一。碰到麻烦事，请找民警帮忙。渤海镇派出所电话：010-61631884,O10-60637129,,,
怀柔,北京顺通虹鳟鱼养殖中心,北京市怀柔区渤海镇田仙峪村北,京承高速13出口宽洵出口，慕田峪方向慕田峪长城环岛直行100米右转3公里至箭扣长城下。,,三文鳟、金鳟、仙女鳟、河鳟、褐鳟、哲罗鲑、白点鲑、日光鲑、七彩鲑、鲟鱼等。鳟鱼28元/斤、金鳟鱼38元/斤。,生吃、烧烤、红烧虹鳟,,60.00 ,60.00 ,有三人家庭套房、双人标准间、火炕套房间、集体别墅、日式塌塌米等风格，可以供120人同时入住。,全年开放。（节假日期间人多请提前预定）,,,2008年奥运食品鳟鱼供应企业，确保鱼品质，保证您不虚此行。另外，周边有慕田峪长城、响水湖长城、红螺寺、圣泉寺、黄花城水库等景点可以游览，车程都在10-40分钟之间。出门在外，安全第一。碰到麻烦事，请找民警帮忙。渤海镇派出所电话：010-61631884,010-61626088 010-61626043、13910022638,,,
怀柔,卧佛山庄养殖有限公司,北京市怀柔区渤海镇田仙峪村北50米,北京到怀柔后行至慕田峪方向，到慕田峪环岛直行100米右转，可看到卧佛山庄的牌子。,,虹鳟鱼20元/斤、鲤鱼10元/斤,侉炖鱼：生吃、烧烤、红烧虹鳟,,60.00 ,60.00 ,标准间，环境幽雅、服务周到,全年开放。（节假日期间人多请提前预定）,,,夏天的夜晚，漫步周边，繁星闪烁，鸟啼虫鸣，可以忘忧山水之间。因为山区早晚较冷，需要多带一点衣服。出门在外，安全第一。碰到麻烦事，请找民警帮忙。渤海镇派出所电话：010-61631884,010-61626090,,,
怀柔,北京绿林山庄,北京市怀柔郭家坞村铁路桥附近,京承高速14号出口一怀柔城区青春路北环岛往慕田峪长城方向一过铁路桥500米处右转即到。,,虹鳟鱼25元/斤 (不能垂钓，只能餐饮),烧烤虹鳟鱼、烤全羊等,野味药膳百鸟套餐、石磨水豆腐,50.00 ,100.00 ,拥有标准套房、豪华间、单人间共48间，内设电话、空调、电视、卫生间，24小时热水。,3月至11月。（节假日期间人多请提前预定）,,,早晚温差大，请自带衣服以防着凉。沿途还有鱼师傅、山水人家等多家农家院供您选择。附近有慕田峪古长城、圣泉寺，往北有红螺寺、雁栖湖、青龙峡等多处景点：交通十分便利，开车仅需10分钟即可到达您想去的景点游玩。出门在外，安全第一。碰到麻烦事，请找民警帮忙。怀柔镇派,010-89619966(餐厅)   010-89619588(客房),,,
怀柔,长园渔场001号,北京市怀柔城区北的雁栖镇环岛西北6公里的红螺山姊妹峰山后,自京承高速14号出口，向怀柔城区方向，到开放路环岛3号出口丰宁方向，走111国道，至大屯桥，在第4个红绿灯左转，雁栖不夜谷直行1 5公里，即到长园渔场001号。,,虹鳟鱼25元/斤,虹鳟鱼生吃、烧烤昧美肉鲜、营养丰富。还有纯正的怀柔油栗焖肉、长园辣子鱼、鸡、兔，蘑菇炖柴鸡、焖炉烤羊腿、木炭火烤鱼、纯天然野菜馅饽饽等。,,40.00 ,80.00 ,可同时容纳100人住宿,全年开放。（节假日期间人多请提前预定）,,,山区早晚温差大，请多带衣服，以防着凉。如您夏季过来，自带驱蚊用品等以备用。因过来游玩人较多，请注意行车安全。出门在外，安全第一。有事请找民警帮忙，雁栖镇派出所电话：010-61641115,010-61627120,,,
怀柔,劳模山庄,北京市怀柔区雁栖镇莲花池村,自京承高速14号出口，向怀柔城区方向 到开放路环岛京加路丰宁方向，走1 1 1国道，至大屯村桥，在第四个红绿灯左转10公里即到劳模山庄,,虹鳟鱼23-28元/斤，野鱼10-18元/斤,虹鳟鱼,菠萝虹鳟、鲜熘鱼片,40.00 ,80.00 ,客房有标准间、商务间及套间,全年开放。（节假日期间人多请提前预定）,,,山区早晚温差大，请多带衣服，以防着凉。如您夏季过来，自带驱蚊用品等以各用。因过来游玩人较多，请注意行车安全。出门在外，安全第一。有事请找民警帮忙，雁栖镇派出所电话：010-61641115,010-61629376 13701136112,,,
怀柔,花苑湖度假村,北京市怀柔区雁栖镇不夜谷中,自京承高速14号出口，向怀柔城区方向，到开放路环岛3号出口丰宁方向，走111国道，到大屯桥，在第4个红绿灯左转，到那雁栖不夜谷，即到花苑湖度假村。,,虹鳟鱼25元/斤,虹鳟鱼烧烤味美肉鲜，营养丰富，另有怀柔特色菜、野菜馅饽饽、烤全羊、竹香鱼、农家秘制鸡等。,,40.00 ,50.00 ,有中式客房36间，可同时接纳100余人,全年开放。（节假日期间人多请提前预定）,,,山区早晚温差大，请多带衣服，以防着凉。如您夏季过来，带点驱蚊用品等以备用。因过来游玩人较多，请注意行车安全，  周边还有神堂峪自然风景区、雁栖湖、箭扣长城等。出门在外，安全第一。有事请找民警帮忙，雁栖镇派出所电话：010-61641115,010-60661081,,,
怀柔,北京慧生冷水鱼养殖场,北京市怀柔区九渡河镇黄坎村南,京承高速13出口一宽洵方向一桥梓镇一怀长路一九渡河镇黄坎村南即到。,,虹鳟鱼25元/斤、鲟鱼50元/斤，草、鲤鱼18元/斤,虹鳟鱼、鲟鱼,,50.00 ,100.00 ,可提供70人住宿，标间,全年开放。（节假日期间人多请提前预定）,,,山区早晚较凉，请多带衣服，小心着凉喔！出门在外，安全第一，碰到麻烦事，请找民警帮忙，九渡河镇派出所电话：010-61691573,13651087488,,,
怀柔,北京鑫鑫永顺淡水鱼养殖场,北京市怀柔区琉璃庙镇碾子湾村,路线1：自京承高速怀柔出口，向怀丰路方向，至琉璃庙镇，行驶5公里到碾子湾村。路线2：东直门坐916到怀柔下车，然后去于家园车站坐汤河口车到琉璃庙镇下车。,,一竿/80元,鲟鱼宴有12种做法，还有野菜和农家菜,,50.00 ,100.00 ,可容纳100人住宿,全年开放。（节假日期间人多请提前预定）,,,周围景点有龙潭涧、云蒙山、白河湾漂流等。冬季山区较冷，请自备厚衣服，小心着凉喔！出门在外，安全第一。碰到麻烦事，请找民警帮忙，琉璃庙镇派出所电话：010-61618515,010-61618662,,,
怀柔,北京天源渔港度假村有限公司,北京市怀柔区九渡河镇黄花城古长城脚下,"北京有四条路线可到天源渔港。
路线1, 走昌高速公路至京昌平西关 (32出口)环岛，向十三陵方向，在长陵路口右拐，向怀柔九渡河方向，到九渡河加油站左拐，沿安四路向四海方向前行，见黄花城水库再前行1公里，看到天源渔港广告牌右拐下坡，看到桥再右转即到。
路线2, 自天通苑",,,鲟鱼十吃：清莱、红烧、熘鱼片、炒鱼丝、炸鱼排、糖醋鱼片、鱼骨汤、烤鲟鱼、鲟鱼火锅：烤虹鳟鱼：由秘制酱汁腌渍后，炭火烤制，外焦里嫩，撤上辣椒面、孜然等调味料，香气扑鼻，味道好极了。金鳟鱼生鱼片：金鳟鱼肉质细嫩，尤其适合吃生鱼片。天源渔港厨师片出的生鱼片，薄,晚上可举办篝火晚会和烧烤，保证让您尽兴,50.00 ,100.00 ,天源渔港共有客房16间，其中标准间、三人间、套间、火炕、五人间，火炕每间可住宿五六人，可同时容纳40人住宿。房间宽敞明亮，整洁卫生。房内有24小时热水，宽带正在架设中。,全年开放。（节假日期间人多请提前预定）,,,周末、节假日游人比较多，建议平时有闲暇时间的选择平时去，人相对少。周边树木繁茂，负氧离子浓度高，特别适合疗养度假。冬季较冷，请自备厚衣服，别着凉喔！出门在外，安全第一。碰到麻烦事，请找民警帮忙。九渡河镇派出所电话：010-61691573,010-61651767 13911585450,,,
怀柔,北京桃源山庄,北京市怀柔区渤海镇马莲桥村,京承高速13出口宽洵出口，慕田峪方向慕田峪长城环岛直行到洞台村大桥右转往响水湖景区方向1.5公里处即到。,,虹鳟鱼23-28元/斤，野鱼10-18元/斤,虹鳟鱼,烧烤虹鳟、农家饭,40.00 ,80.00 ,客房有标准间,全年开放。（节假日期间人多请提前预定）,,,山区早晚温差大，请多带衣服，以防着凉。如您夏季过来，自带驱蚊用品等以各用。因过来游玩人较多，请注意行车安全。出门在外，安全第一。有事请找民警帮忙，渤海镇派出所电话：010-61631884,"010-89602870      13716052931
",,,
怀柔,北京水岸渔歌垂钓园,北京市怀柔区九渡河镇九渡河村大桥处左转100米处右转方向,三环立水桥到怀长路到九渡河大桥左转直行100米右转即可到达,,虹鳟鱼23-28元/斤，野鱼10-18元/斤,虹鳟鱼,烧烤虹鳟、农家饭,40.00 ,80.00 ,客房有标准间,全年开放。（节假日期间人多请提前预定）,,,山区早晚温差大，请多带衣服，以防着凉。如您夏季过来，自带驱蚊用品等以各用。因过来游玩人较多，请注意行车安全。出门在外，安全第一。有事请找民警帮忙，九渡河镇派出所电话：010-61691573,010-89606852,,,
门头沟,门头沟天盛养鱼场,北京市门头沟区雁翅镇淤白村,　　　在门头沟上109国道，从芹峪口走南雁路、淤白村，到天盛湖 (有路标)。,,　　　胖头鱼、草鱼、鲤鱼12～15元/斤,　　　侉炖、过水鱼,,50.00 ,50.00 ,　　　住宿预计可接待50人 (正在改建),　　　4月～11月　　　早7点～晚7点,"　　　周边治安电话：（010C61837509）
　　　周边消防电话：（010C61839762）",,　　　水库禁止游泳、划船。周边景点有天盛湖风景区，距昌平区菩萨山风景区12公里，京西第一党支部3公里，白瀑寺风景区6公里，珍珠湖风景区26公里，百花山风景区50公里，灵山风景区78公里。,　　　010-61837509、15910283240,,"　　　综合：★★★★
　　　行车：★★★★
　　　垂钓：★★★
　　　餐饮：★★★★★
　　　住宿：★★★★",
门头沟,京西信翔生态养殖垂钓园,北京市门头沟区永定镇侯庄子村,　沿阜石路高架快速路门头沟方向，到双峪路红绿灯左转，往南约1公里 (第二个红绿灯)左转往东掉头，过小桥即到。,,　草鱼、鲤鱼、鲫鱼、青鱼：价格在12元/斤左右,金丝凤尾虾、活鱼加工等,环境幽雅，离市中心近，二环到这里只需40分钟,50.00 ,50.00 ,,4月初-10月底8:00-18:00,永定镇派出所010-69804633，车辆维修电话：69806887,,可提供竞技比赛一条龙服务,O10-61865091 (垂钓 ) 、 O10-61863279、010-61863289 {订餐),,"行车：四颗星★★★
垂钓：四颗星★★★
餐饮：五颗星★★★★
住宿：不能住宿	
综合：★★★",
门头沟,清水虹鳟渔场,北京市门头沟区清水镇上清水村,　　　沿109国道直行到清水镇上清水村，见龙门涧路口北转500米,,,　　　有生鱼片、烤鱼、侉炖鱼、一鱼三吃、三鱼五做等,,50.00 ,60.00 ,　　　场内提供标准单间和多人间，单间为100元/人，多人间为10元/人,　　　全天24小时营业 全年都可垂钓品鱼,：治安电话：010-60855478，消防电话：010-60855814，车辆维修：15810271254,,"　　　山里寒冷，比城区要低5-7℃。本家的千层饼最受客人喜欢,不爱吃面食的客人都愿吃上一口,很多到那里用餐的都要点上这一道主食.周边景点也是不错有灵山风景区、龙门涧风景区、百花山风景区、小龙门森林公园等,也是餐后休闲的一大选择.",　　　 010-60855162,,"　　　综合：★★★★
　　　行车：★★★★
　　　垂钓：★★★
　　　餐饮：★★★★★
　　　住宿：★★★★",
门头沟,北京青泉采摘园,北京市门头沟区雁翅镇高台村,　　　从门头沟城子大街沿109国道行驶至芹峪口，右转沿芹南路行驶8公里处高台村即到。,,　　　有草鱼、鲤鱼、鲢鱼、鲫鱼，价格一律15元/斤,　　　地道农家饭,,50.00 ,50.00 ,住宿环境优良，精装修，设备齐全，有标准间、双人间、大床房，均价100元/天,　　　5月-10月,　　　村中有巡逻员进行日常治安检查，有护林防火员进行消防安全方面的工作，离村不远处有车辆维修站，村内有供车辆停放的公共停车场。,,　　　可提前电话咨询，以便更好地为您提供所需的信息和服务。周边有民俗古村落，有与潭柘寺齐名的白瀑寺，有红色京西第一党支部等。持此书到北京青泉山庄消费，可享受一定的优惠和特色小礼品！,　　　010-61837182 、15910308174（高万义）,,"　　　综合：★★★★
　　　行车：★★★★
　　　垂钓：★★★
　　　餐饮：★★★★★
住宿：★★★★",
门头沟,王春柳垂钓园,北京市门头沟区清水镇塔河村龙王口,　　　门头沟沿109国道，路上有百花山、灵山路标，行驶大约70公里时会有百花山路口路标，左转弯进入百花山路，约行驶20分钟即到 (路过两个村庄梁家铺和塔河)。,,　　　鱼的种类有草鱼、鲫鱼、白鲢、胖头鱼、鲤鱼。计时塘，8小时60元：高钓塘， 15元/斤。,　　　烤羊腿、纯农家柴鸡蛋、清水豆腐,"　　　环境幽雅，依山傍水，气候宜人，年平均温度24。C, 是消暑纳凉的好去处。垂钓园里的鱼多数是水库里野生的，味道非常鲜美，没有土腥味。",50.00 ,50.00 ,　　　标准间为三人间，房间非常整洁干净，屋内还配备了卫生间和洗澡间。人均价格：50元/天。,每年清明节后至十月下旬（4月28日-10月28日）,　　　清水派出所电话：010-60855478，车辆维修电话：010-61826044,,　　　双休日人员比较多，可提前订房,　　　13683636750 、13621076813,,"　　　综合：★★★★
　　　行车：★★★★
　　　垂钓：★★★
　　　餐饮：★★★★★
住宿：★★★★",
门头沟,北京瑞丰农庄,北京市门头沟区永定镇侯庄子村,　　　1、莲石路-石门营环岛-葡萄嘴环岛向东1公里即到。2、阜石路高架-双峪环岛左转-葡萄嘴环岛左转1公里即到。,,练杆30元/天/人、计时100元/天/人、周三、周六、放鱼日150元/天/人,,,0.00 ,0.00 ,,　　　室外4月15日到10月15 6:00-16：00；室内10月15日到4月15日8：00-16：00,　　　永定镇派出所电话：010-69804633,,,　　　010-61864357 、13910884202；QQ: 52244567,,"　　　综合：★★★
　　　行车：★★★★
　　　垂钓：★★★
　　　餐饮：★★★★
住宿：★★★","　　　接待能力：餐厅150人、鱼池200人
　　　周边景点：潭柘寺风景区、戒台寺风景区"
门头沟,军龙兴垂钓园,北京市门头沟区龙泉务村北中粮书院东300米,　　　六环路军庄出口第一个红绿灯左拐沿109国道前行1000米到中粮桥左转即到，或沿水担路至龙泉务村口右转前行约1000米即到。乘车路线：890路公交到龙泉务村北站下车，前行1000米，乘383路、961路公交车到军庄站下车前行1000米即到。,,,　　　全鱼宴、各种农家饭、山野菜、各式烧烤,　　　酸汤鱼、侉炖鱼,40.00 ,40.00 ,　　　双人标准间，配有电视、空调、卫生间，人均价格：60元/天。,　　　全年开放　　　垂钓8：00-19：00；餐饮9：00-22:00,　　　军庄派出所电话：010-60811733，车辆维修电话：010-87204620,,　　　节假日客流较多，可提前预定,　　　010-60812668、13716721637、13810168891、13699237070,,"　　　综合：★★★★
　　　行车：★★★★
　　　垂钓：★★★★
　　　餐饮：★★★★★
住宿：★★★★",　　　周边景点：妙峰山、樱桃沟、京西古道
门头沟,富荆阁生态园,北京市门头沟区妙峰山镇下苇甸过担礼洞口3公里左拐即到,从莲石公路到石门营环岛或从阜石路开车到双峪环岛直行到妙峰山下苇甸1公里处，前方200米左拐即到。,,,烤羊腿、纯农家柴鸡蛋、胯炖鱼,,0.00 ,0.00 ,　　　房间分标准间和四合院，标准间为二人间，房间非常整洁干净，屋内还配备了卫生间和洗澡间，可以接待团体。,　　　每年4月清明节开始到11月底结束　　　早6:30到晚17:30，夏季有夜钓,　　　妙峰山派出所电话：010-61881737 ；车辆维修电话：010-69851142,,,　　　010-61885080、13901125513；QQ：1553964921,,"　　　综合：★★★★
　　　行车：★★★★
　　　垂钓：★★★★
　　　餐饮：★★★★★
住宿：★★★★","　　　接待能力：客房日接待60人，会议室日接待30人，餐厅日接待200人，钓鱼塘能容纳钓友200人。
　　　周边景点：妙峰山旅游景区"
密云,清泉垂钓园,北京市密云县北庄镇马家地村,"路线1：京承高速22出口，右转直行1公里，苇子峪桥左转1.5公里马家地村即到。
路线2：东直门乘970、980密云鼓楼下车，换乘密云至北庄班车马家地下车。",,胖头鱼，鲶鱼，鲤鱼，草鱼等所有垂钓品种都是12元/斤,山野菜,周边山区风景秀丽，尽享野钓乐趣,50.00 ,100.00 ,100元/间,5月～10月,北庄镇派出所电话010-81001554,,本渔场每年5月份开始营业，鱼塘面积较大游客小心勿掉入水中。,010-81001009、13716035527,持本书消费，可以打95折。,"行车：★★★
垂钓：★★★
餐饮：★★★
住宿：★★★
综合：★★★",
密云,金水湾垂钓园,北京市密云县北庄镇朱家湾村,"路线1：京承高速22出口，右转直行1.5公里朱家湾村即到。
路线2：东直门乘970、980密云鼓楼下车，换乘密云至北庄班车朱家湾下车过桥步行往东500米。",,草鱼10～15元/斤、鲤鱼10～15元/斤、鲫鱼10～15元/斤,柴鸡、美洲雁,漫步在清水河边，流水潺潺，可以忘忧山水之间,80.00 ,80.00 ,可接待70人住宿，环境优雅、服务周到,5月～10月,北庄镇派出所电话010-81001554,,因为山区早晚较冷，需要多带一点衣服。,010-81001858,免费送一道特色菜,"行车：★★★
垂钓：★★★
餐饮：★★★
住宿：★★★
综合：★★★",
密云,兴方通不老山庄,北京市密云县不老屯镇转山子村,"路线1：沿途101国道行驶，途径穆家峪、白龙潭、太师屯、松树峪、高岭、不老屯、到转山子。
路线2：京承高速行驶，途经密云至松树峪（出口）、途经高岭、不老屯、转山子。
路线3：沿途密云到溪翁庄，经过石城、黑龙潭、不老屯、转山子。",,野外垂钓，早上5点到晚上10点，40～80元/竿。,侉炖鱼、酱炖鱼、烤鱼、山珍、农家绿色生态主食等,探幽、观光、采摘、室外烧烤、水面娱乐项目等。,50.00 ,200.00 ,豪华套间260元/天、商务套间360元/天及标准客房200元/天，娱乐设施齐全。,5月～10月,,,地区气候变换大，夏天出行必备雨具，春秋带冬装。,010-69033380  13661044418,持本书消费，可打95折。,"行车：★★★
垂钓：★★★
餐饮：★★★
住宿：★★★
综合：★★★",
密云,不老生态园,北京市密云县不老屯镇西学各庄村,"路线1：沿101国道行驶，途径穆家峪、白龙潭、太师屯、松树峪、高岭、不老屯、到西学各庄村。
路线2：沿京承高速行驶，沿途密云、松树峪（出口）、高岭、不老屯、到西学各庄村。
路线3：沿途密云至溪翁庄，途经石城、黑龙潭、不老屯，到西学各庄村。",,鲤鱼，草鱼，15～20元/斤，鲢鱼25元/斤,侉炖鱼、酱炖鱼、烧烤鱼、食用菌、绿色生态主食等。,观密云水库全景、赏天鹅栖息、品绿色食品。,50.00 ,200.00 ,标准间150～200元/天,5月～10月,不老屯镇派出所电话010-81091593,,地区气候变换大，夏天出行必备雨具，春秋带冬装。,010-81091198  13331073259,持本书消费，可以打95折。,"行车：★★★
垂钓：★★★
餐饮：★★★
住宿：★★★
综合：★★★",
密云,史庄子民俗休闲度假村,北京市密云县不老屯镇史庄子村,"路线1：沿101国道行驶，途径穆家峪、白龙潭、太师屯、松树峪、高岭、不老屯、到史庄子村。
路线2：沿京承高速行驶，经密云、松树峪（出口）、高岭、不老屯、到史庄子村。
路线3：沿密云，溪翁庄，石城，黑龙潭，不老屯，到史庄子村。",,草鱼，鲤鱼等15～20元/斤,农家扣肉、农家红烧肉、柴锅炖鱼、鱼头泡饼、柴锅贴饼子、麦饭石卤水豆腐、小鸡炖蘑菇、野芹菜馅包子、饺子、榆钱饽饽等。,水库岸边住、静听鸟虫声、游赏云峰山、品尝生态饭。,50.00 ,200.00 ,200～500元,5月～10月,不老屯镇派出所电话010-81091593,,地区气候变换大，夏天出行必备雨具，春秋带冬装。,13264419076 13264221860 1326973422 13269328003,持本书消费，可以打95折。,"行车：★★★
垂钓：★★★
餐饮：★★★
住宿：★★★
综合：★★★",
密云,龙门吉祥度假山庄,北京市密云县古北口镇,"到密云后沿101国道行驶，古北口隧道南200米路东即到。
路线1：从东北三环太阳宫桥上京承高速，过六环、怀柔、密云出口下高速，向北即到密云，沿101国道行驶，古北口隧道南200米路东
路线2：从东北三环三元桥上京密路（101国道）往北，到达枯柳树环岛，直行一路向北，过马坡?",,草鱼，鲤鱼，鲫鱼，价格每斤20元～30元,手抓羊肉  菜团子  绿色食品,,100.00 ,200.00 ,客房干净整洁，价格合理，设施齐全。,5月～10月,古北口镇派出所电话010-81051032,,周边景色怡人且离长城很近，游客出游时候注意安全。,010-81052605    13801084060,持本书消费，可以打95折。,"行车：★★★
垂钓：★★★
餐饮：★★★
住宿：★★★
综合：★★★",
密云,北京碧水清清垂钓园,北京市密云县大城子镇墙子路村,自北京出发，走京承高速至密云大城子出口，至密兴路即到。,,鲟鱼、鲤鱼、草鱼、花鲢、白鲢、虹鳟、鲫鱼 价格随市场价而定。,炖鱼、虹鳟刺身、烤虹鳟、鲟鱼五吃、白洋淀特色的炖鱼、烤全羊等,旅游、餐饮、娱乐、垂钓、度假,100.00 ,100.00 ,客房10间设施齐全，70～100元/晚,5月～10月,大城子镇派出所电话010-61071794,,,010-61070966  13911411393,持本书消费，可以打95折。,"行车：★★★
垂钓：★★★
餐饮：★★★
住宿：★★★
综合：★★★",
密云,集贤农家大院,北京市密云县穆家峪镇荆稍坟村南,沿G101国道（至承德方向），经密云城区，到穆家峪镇荆稍坟村即至。,,草鱼、鲤鱼每斤14元，黄金鲫鱼每斤16元。,绿色农家菜,免费打台球,50.00 ,100.00 ,标准间（带棋牌室）200元/天 ，标准间（不带棋牌室）150元/天，普通间100元/天。,5月～10月,穆家峪镇派出所电话010-61051463,,,010-61053899  13910220178,打八五折,"行车：★★★
垂钓：★★★
餐饮：★★★
住宿：★★★
综合：★★★",
密云,圣水渔村,北京市密云穆家峪镇碱厂村,自北京沿京承高速至穆家峪镇18出口，行5公里至碱厂村即至,,草鱼、鲤鱼、鲫鱼、鲶鱼、青鱼、鲂鱼,绿色农家菜,在青山绿水之间享受垂钓的乐趣,50.00 ,60.00 ,双人间客房,5月～10月,穆家峪镇派出所电话010-61051463,,渔场水深，请游客注意。,010-61052614  13716760635,住宿可以打9折。,"行车：★★★★
垂钓：★★★★
餐饮：★★★★
住宿：★★★★
综合：★★★★",
密云,维旌山庄,北京市密云县穆家峪镇碱厂村,从北京沿京承高速至穆家峪镇出口，行5公里至碱厂村。,,花鲢白鲢草鱼鲤鱼鲫鱼100元/天/杆/人,烧烤,篝火晚会  野味烧烤,200.00 ,300.00 ,3人标准间每天358元，套间每天580元,3月～11月,穆家峪镇派出所电话010-61051463,,禁止游泳,13911927477   010-61051525,住宿打8折，餐饮打9折,"行车：★★★
垂钓：★★★
餐饮：★★★
住宿：★★★
综合：★★★",
密云,云景山庄,北京市密云县穆家峪镇碱厂村南,从北京沿京承高速至穆家峪镇出口，行5公里至碱厂村,,草鱼10～12元/斤、鲤鱼6～8元/斤,侉炖鱼，味道鲜美、营养丰富，是一定要品尝的美味,夏天的夜晚，漫步周边，繁星闪烁，鸟啼虫鸣，可以忘忧山水之间。,100.00 ,300.00 ,有农家客房10间，环境优雅、服务周到,5月～10月,穆家峪镇派出所电话010-61051463,,因为山区早冷较冷，需要多带一点衣服。,,持本书消费，可以打95折。,"行车：★★★
垂钓：★★★
餐饮：★★★
住宿：★★★
综合：★★★",
密云,山水青青美食城,北京市密云县西田各庄镇小水峪村,"路线1：沿京承高速（101国道），至密云城区（出口），到西田各庄镇，对小水峪村即到。
路线2：京承高速怀柔出口沿101国道直行到统军庄路口左转直行到头，再右转到卸甲山路口，左转直行到头，再左转直行到小水峪路口，右转见十字路口左转即到。",,,烤全羊、炖鱼头、山野菜,餐饮、住宿、垂钓、采摘,0.00 ,100.00 ,标准间168元/晚,5月～10月,西田各庄镇派出所电话010-61000549,,,010-61003888 13716182171,持本书消费，可以打95折。,"行车：★★★
垂钓：★★★
餐饮：★★★
住宿：★★★
综合：★★★",
密云,桂芬养鱼合作社,北京市密云县新城子镇花园村,京承高速到密云走101国道，到桑园右拐到，新城子花园村。,,草鱼20元/斤，鲤鱼18/元斤,清炖鲟鱼,水上娱乐，台球，乒乓球，篮球，羽毛球，歌厅,100.00 ,300.00 ,标准间120元/晚,5月～10月,新城子镇派出所电话010-81022323,,主要防火，禁止下水游泳。,010-81023038、13641346831,持本书消费，可以打95折。,"行车：★★★
垂钓：★★★
餐饮：★★★
住宿：★★★
综合：★★★",
密云,金地庄园,北京市密云县阳光大桥、密云县看守所向北500米左右即到,京承高速密云城区出口下高速，向密云水库方向行驶，5公里路西即到（门口有路标指示）,,草鱼10～12元/斤、鲤鱼10～12元/斤、虹鳟鱼25～30元/斤、鲢鱼15～20元/斤、鲫鱼10～12元/斤,烤鱼、生鱼片、酱炖鱼、农家炖菜,白天可在园区采摘、垂钓，晚上在别墅里品茶、赏月,100.00 ,100.00 ,小别墅600元/天,5月～10月,城关镇派出所电话010-69042530,,在山水间早晚较凉，即使夏季也需要带一件长袖外套,010-89087977  13901372350,持本书消费可享9折优惠,"行车：★★★
垂钓：★★★
餐饮：★★★
住宿：★★★
综合：★★★",
密云,神农乐园,北京市密云县溪翁庄水库七孔桥西200米路南神农乐园,"路线1：自三元桥、走京顺路、京密路、密云开发区、西大桥、过桥向北、过密溪路、溪翁庄水库丁字路口左转1000米路南。
路线2：自京承高速至密云城区（16号）出口，向北直行，过密溪路，在溪翁庄水库丁字路口左转1000米路南。
路线3：东直门乘980路汽车到密云鼓楼，换乘8路汽?",,野生水库草鱼12～18元/斤、鲤鱼12～18元/斤、鲫鱼12～18元/斤、红鳍12～18元/斤,酱炖野生水库鱼、炖柴鸡、神农小炖肉、纯天然山野菜,品一品纯正的农家菜肴，住一住独立的农家小院，充满野趣的湖边烧烤，垂钓野生水库鱼，亲手采摘绿色果蔬，使您真正体验休闲度假乐趣。,200.00 ,300.00 ,可同时容纳120人住宿，标准间、套间、独立小院。空调、有线电视、暖气齐备。房间都设有独立卫生间，淋浴，24小时热水；有舞池和包房。大会议室可容纳100～120人，中会议室80人，小会议室20人。,5月～10月,溪翁庄镇派出所电话010-69012408,,您若周末到神农乐园休闲度假，请您提前预订，预留房到19:00。,010-69013399   010-69015558-801,持本书消费，可以打9～9.5折。,"行车：★★★
垂钓：★★★
餐饮：★★★
住宿：★★★
综合：★★★",
密云,云蒙三峪风景区,北京市密云县西田各庄镇牛盆峪村,"东直门乘坐980,在密云大剧院下车原地等3路公交（标有三峪），直达景区。",,鲤鱼20元/斤、钓鱼票20元（无时间限制）,水库鱼,休闲垂钓,40.00 ,40.00 ,100元/间,5月～10月,西田各庄镇派出所电话010-61000549,,风景区内注意垃圾不能随意乱丢,010-61008258、13911652501,持本书消费，可以打95折。,"行车：★★★
垂钓：★★★
餐饮：★★★
住宿：★★★
综合：★★★",
密云,楚乡人家渔业小区,北京市密云县溪翁庄镇,"路线1：自北京东北三环太阳宫桥至京承高速16号出口下高速公路，所有红绿灯全部直行（水库风景区方向），在水库宾馆红绿灯左转，行3公里到达。  
路线2：乘车路线：东直门980快车至密云鼓楼，原地换乘密8路公交，到尖岩终点，向北200米楚乡人家即到",,鲤鱼14元/斤、鲫鱼16元/斤、草鱼16元/斤、青鱼25元/斤、胖头鱼18元/斤、鲶鱼28元/斤、黑鱼28元/斤、虹鳟30元/斤,鱼宴,在节假日里亲朋好友相邀，来此小住，不仅远离城市的喧嚣与匆忙，享受了密云水库天然氧吧的滋养，同时品尝了特色的南北农家小吃，天天有“鱼”，真是美在山水、醉在心间。,50.00 ,100.00 ,标准间160元/晚  套间280元/晚  单人间120元/晚,5月～10月,溪翁庄镇派出所电话010-69012408,,外出请着运动休闲装，运动鞋,010-69015656   13801188084,持本书消费，可以打95折。,"行车：★★★
垂钓：★★★
餐饮：★★★
住宿：★★★
综合：★★★","_周边景点：云龙涧、桃源仙谷、黑龙潭、京都第一瀑、清凉谷、云佛山滑雪场
_采摘：果园占地10万平方米，每年6月份以后您不仅能吃到时令水果（桃、杏、李子、灵枣、苹果、葡萄、柿子、玉米、地瓜、红果），更能品尝到干果（核桃、栗子）。采摘园内种类齐全，品种繁多。其中苹"
密云,北京水中财兴养殖场,北京市密云县大城子镇河下村来缘山庄路口,京承高速王达路出口500米来缘山庄路口即到,,草鱼18元/斤，鲤鱼15元/斤,烧烤,垂钓、采摘、羽毛球,40.00 ,60.00 ,,,大城子镇派出所电话010-61071794,,山区早晨较冷，需要多带一点衣服,010-61075988  13436954242,持本书消费，可以打95折。,"行车：★★★
垂钓：★★★
餐饮：★★★
住宿：★★★
综合：★★★",
密云,北京金锦鳞垂钓园,北京市密云县大城子镇梯子峪村路口西,京承高速到王达路出口―密兴路10公里―至梯子峪村路口西500米。,,草鱼18元/斤，鲤鱼15元/斤，鲟鱼30元/斤,鲟鱼五吃、烧烤,垂钓、娱乐、唱歌、台球、羽毛球,40.00 ,60.00 ,,,大城子镇派出所电话010-61071794,,山区早晨较冷，需要多带一点衣服,13501075880,持本书消费，可以打95折,"行车：★★★
垂钓：★★★
餐饮：★★★
住宿：★★★
综合：★★★",
密云,京水源垂钓园,北京市密云县大城子镇北沟村关上密兴路边、公路交界处,京承高速到王达路出口―密兴路12公里―至北沟村关上,,鲟鱼：20元/斤  虹鳟：20元 /斤  草鱼：13元 /斤  鲤鱼：12元/斤 鲢鱼：8 元 /斤  鲫鱼：14元 /斤  野鱼：30元/斤  鲶鱼：16元/斤,,垂钓、娱乐、唱歌、台球、羽毛球、免费游长城、篝火野餐、提供野宿营地、体验民俗风情、果树认领采摘,40.00 ,60.00 ,,,大城子镇派出所电话010-61071794,,山区早晨较冷，需要多带一点衣服。,13426379068,持本书消费，可以打95折。,"行车：★★★
垂钓：★★★
餐饮：★★★
住宿：★★★
综合：★★★",
密云,清心苑水产养殖场,北京市密云县大城子镇梯子峪村,京承高速到王达路出口―走密兴路10公里―梯子峪村路口―1000米至梯子峪村。,,垂钓各种鱼均15元/斤,,垂钓、果品采摘,0.00 ,0.00 ,,,大城子镇派出所电话010-61071794,,山区早晨较冷，需要多带一点衣服。,010-61071136  13241699936,持本书消费，可以打95折。,"行车：★★★
垂钓：★★★
餐饮：★★★
住宿：★★★
综合：★★★",
平谷区,绿波廊农业观光园,北京市平谷区王辛庄镇放光村放光路82号,"【路线1】自机场高速，走京平高速至马坊出口，过峪口镇、兴隆庄村，到王辛庄镇放光村北即到。
【路线2】自机场高速，走京平高速至赵庄户出口，过崔杏路，在莲花潭（右转），至平关路行至500米路北。 
【路线3】京顺路至枯柳树环岛右转，在平谷城区天客隆商场左转，到小渔阳?",,鲇鱼10～18元/斤、t鱼10～18元/斤、鲤鱼10～18元/斤、草鱼10～18元/斤等,清蒸鲤鱼、侉炖鱼、泰汁银鳕鱼、清蒸蝶鱼头等多种美味。,采摘、特色野味,50.00 ,100.00 ,农家二层小楼，标准间8间，干净、整洁、幽静,垂钓、采摘：5-10月  餐饮：全年,距离300米  王辛庄派出所 电话：010-69962857,,园内有近千米特色南瓜长廊、各种特禽类及特种养殖供游客观赏、食用和采摘。距离100米有修车,010―89956891   13901168274,可赠送地方特色小菜。,"行车：★★★
垂钓：★★★★
餐饮：★★★
住宿：★★★
综合：★★★",
平谷区,鑫江海垂钓园,北京市平谷区马坊开发区,"　　　【路线1】首都机场高速――京平高速――马坊出口（向南行驶）至环岛继续向南1000米路西（见垂钓园指路牌）
　　　【路线2】自三元桥，在枯柳树环岛向右（向东），走京顺路，过顺平路，在官庄路口右转（向南），到马坊环岛向南（直行）1000米路西（见垂钓园指路牌）。",,　　　草鱼15～20元/斤、青鱼15～20元/斤、鲤鱼15～20元/斤、鲫鱼15～20元/斤,农家饭,,0.00 ,0.00 ,　　　6个标准间,　　　4-10月,　　　马坊派出所  电话010-60996869,,垂钓园路东有平谷江海河有机草莓采摘园，可供游客观光采摘。垂钓园东300米路北两侧有修车。,13910820161,,"行车：★★★
垂钓：★★★★
餐饮：★★★
住宿：★★★
综合：★★★",
平谷区,红石坎泉水野生鱼垂钓园,北京市平谷区金海湖镇红石坎村,"　　　【路线1】北京城区走机场高速，到京平高速，在东高村出口下桥左转（北），到平谷城区，在消防队路口右转（东），一直行至平蓟路，过金海湖，顺路直行至看到“泉水野生鱼垂钓”广告牌按箭头指示行驶即到。
【路线2】东直门、三元桥，上京密路，到枯柳树环岛右转（东）?",,　　　鲤鱼15～18元/斤、草鱼15～18元/斤（大的有到10余斤）、青鱼 25-28元/斤、黄金鲫 18-20元/斤,　　　如有需要可提供 简单的农家饭,,15.00 ,30.00 ,,　　　5-10月,　　　距离5公里 金海湖派出所 电话：010-69991257,,　　免费提供钓具，如钓竿、鱼料、座椅等。距离10公里有修车,　　　010～60982676、13911390820、15910812579,,"行车：★★★
垂钓：★★★★
餐饮：★★★
住宿：★★★
综合：★★★",
平谷区,读月山庄,北京市平谷区金海湖镇海子村,"　　　【路线1】从北京出发至京顺路，顺义枯柳树环岛右转，至顺平快速路到平谷城区，直行至平蓟路，海子村路口右转顺路直行2公里左右，即可看到读月山庄。
【路线2】自北京城区，走机场高速，过京平高速，在东高村出口下桥左转（北），过平谷城区，在消防队路口右转（东），",,,　　　鲟鱼五吃、侉炖鱼、烤虹鳟、三文鱼、酸菜鱼（风味独特）、水煮鱼,　　　鲟鱼五吃、篝火晚会,80.00 ,100.00 ,　　　可容纳120人住宿,　　　5-10月,　　　金海湖派出所 电话:010-69991257,,　　　山区早晚较冷，多带衣服。村口1公里处有修车,　　　010～69996922、13381121266,　　　持本书可适量优惠。,"行车：★★★
垂钓：★★★★
餐饮：★★★★
住宿：★★★★
综合：★★★★",
平谷区,黄草洼民俗旅游村,北京市平谷区金海湖镇黄草洼村,"　　【路线1】自北京城区，走机场高速，在京平高速东高村出口下桥左转（北），过平谷城区，在消防队路口右转（东），直行至平蓟路，直行到“金海湖水上运动场”即到。
　　【路线2】东直门、三元桥，上京密路至枯柳树环岛右转（东），到顺平快速路，至平谷城区，过平蓟路直?",,　　　鲤鱼、草鱼、鲫鱼、鲶鱼、鲂鱼 60-120元/竿,　　　特色冷泉水鱼（虹鳟，三文鱼）、野菜馅团子、小鸡炖红蘑 、泉水池边自助烧烤,　　　水库鱼、泉水鱼、采摘（院内有桃、杏、樱桃、各种蔬菜）,70.00 ,70.00 ,　　　传统土炕，田园风情、竹林深处等各种特色房间  100-200元/间，独立卫生间、空调、洗浴，设备齐全，干净整洁舒心。,　　　4-10月,　　　金海湖派出所 电话：010-69991257,,山间气温早晚较低，提示游客依旅游时间添减衣服。可提供简单钓具如鱼竿，小桶。,13811103091,,"行车：★★★
垂钓：★★★★
餐饮：★★★
住宿：★★★
综合：★★★",
平谷区,晓霞垂钓园,北京市平谷区大兴庄镇陈良屯村,"　　【路线1】自北京城区，走京平高速至马坊出口向左（北）直行，过官庄路口，向右（东）直行4公里路北边鱼池即是。
　　【路线2】自北京城区，过顺平路，在大青庄镇政府往西200米即是。",,　　　鲤鱼10～15元/斤、草鱼10～15元/斤、鲢鱼10～15元/斤、青鱼10～15元/斤、鲫鱼10～15元/斤、50元/竿,,,0.00 ,0.00 ,,　　　5-10月,　　　大兴庄派出所 010-89931256,,　　　园内可停车,　　　010～58469511、15330214511,,"行车：★★★
垂钓：★★★★
餐饮：★★★
住宿：★★★
综合：★★★",
平谷区,金海湖海子民俗旅游村,北京市平谷区金海湖镇海子村,"　　【路线1】从北京出发至京顺路，到顺义枯柳树环岛右转，沿顺平快速路到平谷城区，直行至平蓟路海子村路口右转顺路直行2公里左右即到。
【路线2】自北京城区，走机场高速，过京平高速，在东高村出口下桥左转（北），到平谷城区，在消防队路口右转（东），直行至平蓟路，在",,,　　　柴锅炖水库鱼  清蒸鱼  生吃鱼   溜/炒鱼  烤鱼,烤鱼、采摘、篝火晚会、睡农家火炕,50.00 ,80.00 ,　　　30～40人，标间（有火炕有床）温馨舒适  100-150元/间,　　　全年,　　　金海湖派出所 电话：010-69991257,,　　　柴锅炖鱼一般得炖3个小时，因此去吃鱼前，一定要提前预约。村口1公里处有修车。,"　　　来宝特色农家院  010～69992968  13716116208
　　　    安乐窝          010～69992198  15910338437
　　　    幸福使者        010～69992560   13716111908",持本书可赠送特色小菜/适量优惠,"行车：★★★
垂钓：★★★★
餐饮：★★★
住宿：★★★
综合：★★★",
平谷区,刘佳垂钓园,北京市平谷区马昌营镇北定福村,"　　路线1】自北京城区，走京平高速至马坊出口向左（北）直行，过官庄路口，向左（西）直行300米路南边鱼池即是。
【路线2】自北京城区，过顺平路，直行至云峰寺路口进便道直行50米即到",,,　　　简单农家饭、柴锅炖鱼，也可自己动手。,,30.00 ,50.00 ,农家院3间客房（可供一家3口居住/间）,　　　4-10月,　　　派出所电话：010-60996869,,垂钓园紧邻天昊园度假村，度假之余可来垂钓，垂钓之余可去度假村休息。,　　　13701105063  13911930699,,"行车：★★★
垂钓：★★★★
餐饮：★★★
住宿：★★★
综合：★★★",
平谷区,北京绿都獒园,北京市平谷区马昌营镇前芮营村,"　　【路线1】首都机场高速――京平高速――马坊出口（向北行驶）至薄各庄路口右转直行，见后芮营村牌楼右转直行100米左转直行即到。
　　【路线2】自北京城区，过顺平路，至官庄路口右转直行，薄各庄路口左转直行，见后芮营村牌楼右转直行100米左转直行即到。",,　　　鲤鱼、草鱼、鲢鱼、鲫鱼。平均8元/斤。,　　特色农家饭，海狸鼠肉,,0.00 ,0.00 ,标间：60-80元/间,　　　4-10月,　　　马坊派出所  电话:010-60996869,,　　　游客远离獒笼，不要轻易接近藏獒。如有需要可提供简单钓具。,　　　010～60901216、010-60981988、13366491039,　　　持此书可给顾客适当优惠。,"行车：★★★
垂钓：★★★★
餐饮：★★★
住宿：★★★
综合：★★★",
平谷区,小霞渔具,北京市平谷区建设街351号,"　　【路线1】：自北京城区，走机场高速，过京平高速，在东高村出口下桥左转（北），直行第四个红绿灯处右转10米处，路北即是。
【路线2】：从北京出发至京顺路，到顺义枯柳树环岛右转，沿顺平快速路到平谷城区，直行至海泰大超市路口红绿灯右转，直行至建设街路口红绿灯左?",,,,,0.00 ,0.00 ,,　　　　夏季早5:00-晚10:00   冬季早8:00-晚8:00,,,,　　　　13716181899   13381121089,　　　　持书可有优惠,,
平谷区,金海渔具,北京市平谷区建设街,"　　　【路线1】：自北京城区，走机场高速，过京平高速，在东高村出口下桥左转（北），直行第四个红绿灯处右转直行100米处即到。
　　　　【路线2】：从北京出发至京顺路，到顺义枯柳树环岛右转，沿顺平快速路到平谷城区，直行至海泰大超市路口红绿灯右转，直行至建设街路口",,,,,0.00 ,0.00 ,,　　　　夏季早5:00-晚10:00   冬季早8:00-晚8:00,,,,13520337285,,,
顺义,李遂进忠垂钓园,北京市顺义区李遂镇牌楼村东,京平高速木燕路收费站出口向北，到顺平南线向西500米路南即到。,,青鱼18元/斤、鲫鱼13元/斤、草鱼14元/斤、鲤鱼13元/斤、鲟鱼30元/斤。,侉炖鱼、炖柴鸡味道鲜美,到进忠垂钓园休闲度假，尽情欣赏潮白风光，还可到顺鑫绿色度假村的天然大氧吧呼吸新鲜空气，放松身心。,30.00 ,100.00 ,,4月至10月,李遂镇派出所电话010-89481985,,,"010～89482412,13021096183",,"行车：★★★
垂钓：★★★★
餐饮：★★★
综合：★★★",
顺义,北京梓婷佳苑垂钓园,北京市顺义区南彩镇桥头村,机场高速到顺义东大桥环岛沿顺平辅路，至俸伯路口，向北至白马路东1000米。,,青鱼20元/斤、 鲤鱼15元/斤、镜鲤元/斤、鲫鱼15元/斤、草鱼15元/斤、武昌鱼15元/斤,,,0.00 ,0.00 ,,4月至10月,南彩镇派出所010-89477040,,,010～89421079，13716288868，,,"行车：★★★
垂钓：★★★★
餐饮：★★★
综合：★★★",
顺义,海涛绿色庄园,北京市顺义区南彩镇南彩村南,机场高速到顺义东大桥环岛，沿顺平辅路，向东7公里过桥路南。,,青鱼20元/斤、鲫鱼15元/斤、草鱼15元/斤 鲤鱼15元/斤,小鸡炖蘑菇,海涛绿色庄园毗邻汉石桥湿地公园，在享受垂钓乐趣的同时，您还可以到湿地公园尽享鸟语花香的自然景观。,50.00 ,100.00 ,,4月至10月,南彩镇派出所010-89477040,,,010～89469992,,"行车：★★★★
垂钓：★★★★
餐饮：★★★★
住宿：★★★
综合：★★★★",
顺义,阿做生态园,北京市顺义区南彩镇,机场高速到顺义东大桥环岛沿顺平辅路至俸伯路口，向北至玉梅大酒店，向西600米路北即是。,,罗非12-15元/斤、鲫鱼/15元/斤、鲤鱼10元/斤、草鱼10元/斤,玉米面贴饼子、门钉肉龙、农家炖菜、野菜及其他等,,30.00 ,100.00 ,,4月至10月,南彩镇派出所010-89477040,,,010-89470998,,"行车：★★★★
垂钓：★★★
餐饮：★★★★
综合：★★★",
顺义,老钱垂钓园,北京市顺义区北小营镇后鲁村北,"1：机场高速到顺义东大桥环岛沿顺平辅路至俸伯路口，向北吉顺木路至北小营村南红绿灯，向东500米路南过桥即到。
驾车路线2京承高速 白马路出口下高速，上白马路一直向东行驶见顺密路左转弯上顺密路向北行驶，见第一个红绿灯右转弯向东行驶，见红绿灯右转500米，过桥就是后鲁",,青鱼18元/斤、鲫鱼武昌鱼 镜鲤 草鱼全部12元/斤 t鱼25元/斤,,,0.00 ,0.00 ,,全年垂钓,北小营镇派出所电话010-60483192,,,010-60484077 010-60484023 手机： 13911218210(手机属地：北京市) 13910718712,,"行车：★★★
垂钓：★★★★
餐饮：★★★
综合：★★★",
顺义,前渠河养殖场,北京市顺义区高丽营镇前渠河村,京承高速后沙峪出口沿顺沙路西行至前渠河村路口南行300米西侧,,青鱼16-18元/斤、草鱼12元/斤、鲤鱼12元/斤、罗非鱼12元/斤、鲫鱼12元/斤、鲂鱼12元/斤,农家饭,,0.00 ,100.00 ,,,高丽镇派出所电话010-69455849,,,010-69493581,,"行车：★★★
垂钓：★★★★
餐饮：★★★
综合：★★★",
顺义,金港碧波垂钓园,北京市顺义区高丽营镇六村,京承高速高丽营出口东行800米路南,,青鱼15元／斤、草鱼9元／斤、鲤鱼9元／斤、罗非鱼12元／斤、鲫鱼12元／斤、鲈鱼30元／斤、叉尾回鱼15元／斤、翘嘴红（噘嘴鲢）20/斤,农家菜,,20.00 ,50.00 ,,,高丽营镇派出所电话010-69455849,,,13901363046,,"行车：★★★
垂钓：★★★★
餐饮：★★★
综合：★★★",
顺义,风景好垂钓园,北京市顺义区后沙峪镇罗各庄村,京承高速后沙峪出口西行至罗马湖西北侧大青鱼垂钓园牌向北300米,,青鱼20元／斤、鲫鱼15元／斤,,,0.00 ,0.00 ,,,后沙峪镇派出所电话010-80496137,,,18801299313,,"行车：★★★
垂钓：★★★★
餐饮：★★★
综合：★★★",
顺义,焦庄户垂钓园,北京市顺义区龙湾屯镇焦庄户村,沿京通高速后沙峪出口，顺义城区沿着白马路一直往东走，沿着顺焦路至龙湾屯路口向北800米，东行300米即到。,,草鱼12元／斤、鲤鱼12元／斤，青鱼18元/斤,,焦庄户垂钓园毗邻地道战遗址纪念馆，在您尽享垂钓乐趣的同时还可以到抗日战争纪念馆参观。,0.00 ,0.00 ,,,龙湾屯派出所电话：010-60462208,,,13901319672,,"行车：★★★
垂钓：★★★★
餐饮：★★★
综合：★★★
",
顺义,南庄头垂钓乐园,北京市顺义区李桥镇南庄头村,京平高速李桥收费站下高速，延任李璐向东到堡子村向南到南庄头村即到。,,草鱼、鲤鱼、鲫鱼、鲂鱼、鲶鱼8元/ 斤,农家饭别具一格的“庄头烧鹅”，现吃现烤，飘香四溢，回味无穷,,50.00 ,100.00 ,,4月至10月,李桥派出所电话010-89426110,,,69487885,,"行车：★★★
垂钓：★★★★
餐饮：★★★
住宿：★★★
综合：★★★",
顺义,北京安联垂钓园,北京市顺义区北务镇庄子村北,京平高速北务出口向北300米，木燕路西侧,,草鱼12元/斤、青鱼15元/斤、鲤鱼12元/斤、噘嘴鲢15元/斤、罗非15元/斤。,餐饮以鲜鱼和农家菜为主。,,0.00 ,100.00 ,,4月至10月,北务镇派出所电话010-61421917,,,61421490,,"行车：★★★
垂钓：★★★★
餐饮：★★★
住宿：★★★
综合：★★★",
顺义,北务珠宝屯垂钓园,北京市顺义区北务镇庄子村北,京平高速北务收费站下，向北到西坡桥向西，到杨燕辅路向南300米路西,,鲤鱼12元/斤、草鱼12元/斤、青鱼15元/斤、鲫鱼12元/斤、武昌鱼12元/斤、白条15元/斤、罗非 15元/斤、噘嘴鲢15元/斤，胭脂鱼50元/斤,餐饮以大锅炖柴鸡、炖鹅等农家菜为主。,,0.00 ,100.00 ,,4月至10月,北务镇派出所电话010-61421917,,,13910532979,,"行车：★★★
垂钓：★★★★
餐饮：★★★
综合：★★★",
延庆,风行渔具店,北京市延庆县东街21号百货大楼西50米,,,,,,0.00 ,0.00 ,,冬季6：00～ 17：00   夏季5：00～21：00,,,,　　　010-69182356  13810032738,,,
延庆,太平洋渔具店,北京市延庆县东街11号,,,,,,0.00 ,0.00 ,,　　　冬季8：00 ～19：00   夏季5：00～21：00,,,,13552316788,,,
延庆,渔公天下渔具店,北京市延庆县南菜园舜泽园小区底商28号楼3号,,,,,,0.00 ,0.00 ,,6：00 ～21：00,,,,15811413022,,,
延庆,王泉营渔场,北京市延庆镇王泉营村西,"【路线1】自北京德胜门至延庆县城，到日上市场东，行驶到王泉营村
【路线2】北京德胜门乘919路公车到延庆京张路口北，往东南走，沿滨河北路向东方向走，王泉营村西即到。",,草鱼12元/斤、鲢鱼12元/斤、鳙鱼12元/斤、鲫鱼12元/斤、鲤鱼12元/斤，竿池按每竿每天100元,碳烤羊腿、碳烤兔子、碳烤火鸡腿等,,50.00 ,50.00 ,,全年开放,延庆派出所69103448,,,13521749555  010-60156565,,"行车：★★★
垂钓：★★★
餐饮：★★
住宿：★★
综合：★★★",
延庆,宝塔垂钓园,北京市延庆县城东湖公园内,"【路线1】自驾车：沿京藏高速公路到延庆县城东湖公园即到
【路线2】乘车：德胜门乘919路公交车到延庆县城南菜园站下车，沿湖南路向东行走1.5公里即到",,青鱼、草鱼、鲢鱼、鳙鱼、鲫鱼、鲤鱼，按竿收费，白天每竿100元，晚上每杆150元,,,0.00 ,0.00 ,,4月～10月 （6：00～18：00）,延庆派出所69103448,,周六日垂钓人员多，垂钓者需早来；,13693292026,,"行车：★★★★
垂钓：★★★
餐饮：★★★
住宿：★★
综合：★★★",
延庆,北京渔家彝寨休闲垂钓园（西屯渔场）,北京市延庆县延农路西屯村南,"【路线1】自北京德胜门至延庆县城，走延农路，到西屯村即到。
【路线2】从德胜门乘919路公车到延庆县城，再换乘920路公共汽车（延庆～农场～下营）方向到西屯村站下，路北即到。",,草鱼14元/斤、鲤鱼14元/斤；竿池按每竿每天50元。,大锅炖鱼  柴鸡蛋  农家饭,,30.00 ,30.00 ,,全年开放,延庆派出所69103448,,周边有农家院可住宿,010～61111428,,"行车：★★★
垂钓：★★★★
餐饮：★★
住宿：★★
综合：★★★",
延庆,吴庄垂钓园,北京市延庆县张山营镇吴庄村,自北京德胜门至延庆县城，到张山营镇吴庄村,北京德胜门乘919路公共汽车到延庆县城，再换乘920路公共汽车到张山营镇靳家堡村站下，步行向南，10分钟就可到达。,草鱼12元/斤、鲤鱼12元/斤、武昌鱼13元/斤、鲫鱼13元/斤,柴锅鸡、炖鱼、时令山野菜,,30.00 ,30.00 ,,全年开放,张山营派出所69190396,,,010-69199908    13801066543,,"行车：★★★★
垂钓：★★★★
餐饮：★★★★
住宿：★★★
综合：★★★★",
延庆,小丰营垂钓园,北京市延庆镇康庄镇小丰营村,北京德胜门至延庆县城，经百康路到小丰营村南,北京德胜门乘919路公车到延庆，换成921(延庆―野鸭湖)到小丰营村即到,草鱼12元/斤、鲤鱼12元/斤、鲢鳙鱼12元/斤、鲫鱼14元/斤、鲂鱼 14元/斤,,,50.00 ,50.00 ,,3月～11月,康庄派出所69131618,,早晚天气较凉，请带夹衣服，晚上不展开垂钓。,15910324106,持书前往9折优惠,"行车：★★★
垂钓：★★★
餐饮：★★
住宿：★★
综合：★★★",
延庆,延庆县珍珠泉度假村,北京市延庆县城东部山区55公里处,从京藏高速公路至延庆县城，经延琉路、四海，到珍珠泉乡即可,北京德胜门(919)至延庆总站换乘（925）四海小川方向，到珍珠泉乡下车,鲤鱼15元/斤、草鱼15元/斤、胖头鱼15元/斤、鲢鱼15元/斤、鲫鱼15元/斤，竿池每竿每天30元,炖鱼、柴锅鸡、时令山野菜、烧烤、农家饭,周边有薰衣草园、齐仙岭、珠泉喷玉、九眼楼等景点,50.00 ,50.00 ,标间、三人间,3月～11月,四海派出所60187584,,早晚天气较凉，请多带衣服，晚上不开展垂钓,13910380377,,"行车：★★★★
垂钓：★★★
餐饮：★★★★
住宿：★★★★
综合：★★★★",
昌平,北京浩波渔村农家乐旅游观光园,北京市昌平区小汤山大柳树环岛北行3公里见浩波渔村指路牌,小汤山大柳树环岛北第四个红绿灯左转，见浩波渔村指路牌即是。,,草鱼10元/斤、鲤鱼10元/斤、青鱼16元/斤、鲟鱼38/斤、野生鲶鱼18元/斤,清蒸鱼、红烧鱼,休闲垂钓,30.00 ,50.00 ,渔村以标准间为主 (独卫、独浴、电视、空调，24小时热水),,,,提供特色采摘,010-61722088， 13391632598,,,
大兴,陶惠园农庄,北京市大兴区,"路线1：北京玉泉营上京开高速公路庞各庄出口东行1000米即到。
路线2：公交路线：842，兴30，兴28 ，937路公交在中堡桥站下车 东走1公里即到。",,_主要垂钓品种及价格：罗非鱼25元/斤，青鱼20元/斤，草鱼15元/斤，鲫鱼12元/斤，鲤鱼10元/斤、鲟鱼25～30元/斤,柴锅鱼、清蒸鱼、红烧鱼、农家饭、时令野菜,,20.00 ,100.00 ,标间,全年（四季垂钓），全天24小时开放,庞各庄派出所 010-89287110；中堡汽车修理厂 010-89289148,,农庄采摘园内有果园、菜园及其他农作物种植园。3～4月可采摘草莓、香椿、野菜，7～8月可采摘葡萄、玉米、花生、毛豆等，9～10月可采摘京白梨、红薯、南瓜等。另外农庄自种的有机蔬菜可供游客们常年采摘。庞各庄陶惠园农庄欢迎您的到来！,010-89289148    13801039149,无,"行车：★★★
垂钓：★★★★
餐饮：★★★
住宿：★★★
综合：★★",
怀柔,北京溢彩虹垂钓园,北京市怀柔区,自京承高速14号出口，向怀柔城区方向 到开放路环岛京加路丰宁方向，走1 1 1国道，至大屯村桥，在第四个红绿灯左转13公里即到。,,虹鳟鱼23-28元/斤，野鱼10-18元/斤,虹鳟鱼,烧烤虹鳟、农家饭,40.00 ,80.00 ,客房有标准间,全年开放。（节假日期间人多请提前预定）,,,山区早晚温差大，请多带衣服，以防着凉。如您夏季过来，自带驱蚊用品等以各用。因过来游玩人较多，请注意行车安全。出门在外，安全第一。有事请找民警帮忙，雁栖镇派出所电话：010-61641115,010-61629351   13501257679,,,
延庆,燕山天池垂钓区,北京市延庆县香营乡,沿京藏高速至延庆县城，向旧县方向，直行到延白河堡水库按路牌行进即可。,,草鱼、鲤鱼、鲶鱼、鲫鱼每竿20元/天（花鲢、白鲢不开展垂钓）,大锅炖鱼 农家饭,白河大峡谷 春季赏景 秋季采摘,30.00 ,30.00 ,标间  三人间,开放时间为4月20日～10月25日,永宁派出所60171217,,,13911795137,,"行车：★★★★
垂钓：★★★★
餐饮：★★★★
住宿：★★★★
综合：★★★★",
